OBJECTID,IN_FID,NEAR_FID,NEAR_DIST,NEAR_RANK,FROM_X,FROM_Y,NEAR_X,NEAR_Y
1,0,1,573.4517946,1,2646678.523,302439.1905,2646842.293,302988.7598
2,0,2,2267.922241,2,2646678.523,302439.1905,2645977.308,300282.3944
3,0,3,2462.888983,3,2646678.523,302439.1905,2644816.1,300827.6066
4,0,5,37236.9898,4,2646678.523,302439.1905,2610561.839,293373.953
5,0,8,37636.05489,5,2646678.523,302439.1905,2610221.152,293093.9902
6,0,7,38228.52655,6,2646678.523,302439.1905,2609853.305,292176.4644
7,0,6,38418.27737,7,2646678.523,302439.1905,2609264.738,293711.4921
8,0,4,59021.25735,8,2646678.523,302439.1905,2590076.669,319164.5906
9,0,9,283717.1628,9,2646678.523,302439.1905,2388731.659,184291.6388
10,0,22,284022.7963,10,2646678.523,302439.1905,2388710.32,183605.8815
11,0,21,284444.4967,11,2646678.523,302439.1905,2388412.754,183244.1214
12,0,25,285277.0877,12,2646678.523,302439.1905,2387869.067,182436.3484
13,0,24,285392.5346,13,2646678.523,302439.1905,2387820.893,182265.8719
14,0,11,303596.7962,14,2646678.523,302439.1905,2379463.585,158330.9259
15,0,12,303626.6128,15,2646678.523,302439.1905,2379732.846,157770.1696
16,0,10,305860.9593,16,2646678.523,302439.1905,2377532.441,157141.8639
17,0,27,306958.269,17,2646678.523,302439.1905,2376220.008,157264.914
18,0,26,306995.6044,18,2646678.523,302439.1905,2376097.123,157415.0303
19,0,23,307758.405,19,2646678.523,302439.1905,2375431.213,157042.7226
20,0,13,316928.6351,20,2646678.523,302439.1905,2379004.762,132749.7167
21,0,28,316928.6351,20,2646678.523,302439.1905,2379004.762,132749.7167
22,0,15,317599.2095,21,2646678.523,302439.1905,2378943.616,131596.3461
23,0,17,317858.5604,22,2646678.523,302439.1905,2379351.32,130479.2213
24,0,14,318180.1613,23,2646678.523,302439.1905,2377809.497,132297.8911
25,0,16,318782.3592,24,2646678.523,302439.1905,2378096.736,130724.2625
26,0,18,359820.6631,25,2646678.523,302439.1905,2345519.887,105527.0643
27,0,29,362143.8285,26,2646678.523,302439.1905,2343461.743,104429.7542
28,0,19,363252.4634,27,2646678.523,302439.1905,2342097.36,104493.0675
29,0,20,363631.1382,28,2646678.523,302439.1905,2342131.096,103747.2949
30,1,0,573.4517946,1,2646842.293,302988.7598,2646678.523,302439.1905
31,1,2,2841.234173,2,2646842.293,302988.7598,2645977.308,300282.3944
32,1,3,2962.438233,3,2646842.293,302988.7598,2644816.1,300827.6066
33,1,5,37532.86358,4,2646842.293,302988.7598,2610561.839,293373.953
34,1,8,37934.34292,5,2646842.293,302988.7598,2610221.152,293093.9902
35,1,7,38536.87793,6,2646842.293,302988.7598,2609853.305,292176.4644
36,1,6,38705.81771,7,2646842.293,302988.7598,2609264.738,293711.4921
37,1,4,59025.36296,8,2646842.293,302988.7598,2590076.669,319164.5906
38,1,9,284095.2404,9,2646842.293,302988.7598,2388731.659,184291.6388
39,1,22,284401.805,10,2646842.293,302988.7598,2388710.32,183605.8815
40,1,21,284823.8134,11,2646842.293,302988.7598,2388412.754,183244.1214
41,1,25,285657.1646,12,2646842.293,302988.7598,2387869.067,182436.3484
42,1,24,285772.8134,13,2646842.293,302988.7598,2387820.893,182265.8719
43,1,11,304002.0755,14,2646842.293,302988.7598,2379463.585,158330.9259
44,1,12,304032.721,15,2646842.293,302988.7598,2379732.846,157770.1696
45,1,10,306266.4088,16,2646842.293,302988.7598,2377532.441,157141.8639
46,1,27,307362.7502,17,2646842.293,302988.7598,2376220.008,157264.914
47,1,26,307399.8336,18,2646842.293,302988.7598,2376097.123,157415.0303
48,1,23,308162.6515,19,2646842.293,302988.7598,2375431.213,157042.7226
49,1,13,317361.4258,20,2646842.293,302988.7598,2379004.762,132749.7167
50,1,28,317361.4258,20,2646842.293,302988.7598,2379004.762,132749.7167
51,1,15,318033.1122,21,2646842.293,302988.7598,2378943.616,131596.3461
52,1,17,318293.8286,22,2646842.293,302988.7598,2379351.32,130479.2213
53,1,14,318612.6456,23,2646842.293,302988.7598,2377809.497,132297.8911
54,1,16,319216.5895,24,2646842.293,302988.7598,2378096.736,130724.2625
55,1,18,360258.6758,25,2646842.293,302988.7598,2345519.887,105527.0643
56,1,29,362581.6276,26,2646842.293,302988.7598,2343461.743,104429.7542
57,1,19,363689.4466,27,2646842.293,302988.7598,2342097.36,104493.0675
58,1,20,364068.7775,28,2646842.293,302988.7598,2342131.096,103747.2949
59,2,3,1282.833355,1,2645977.308,300282.3944,2644816.1,300827.6066
60,2,0,2267.922241,2,2645977.308,300282.3944,2646678.523,302439.1905
61,2,1,2841.234173,3,2645977.308,300282.3944,2646842.293,302988.7598
62,2,5,36082.98844,4,2645977.308,300282.3944,2610561.839,293373.953
63,2,8,36471.57577,5,2645977.308,300282.3944,2610221.152,293093.9902
64,2,7,37022.28709,6,2645977.308,300282.3944,2609853.305,292176.4644
65,2,6,37295.97291,7,2645977.308,300282.3944,2609264.738,293711.4921
66,2,4,59003.54871,8,2645977.308,300282.3944,2590076.669,319164.5906
67,2,9,282186.4267,9,2645977.308,300282.3944,2388731.659,184291.6388
68,2,22,282488.4276,10,2645977.308,300282.3944,2388710.32,183605.8815
69,2,21,282908.9196,11,2645977.308,300282.3944,2388412.754,183244.1214
70,2,25,283738.5328,12,2645977.308,300282.3944,2387869.067,182436.3484
71,2,24,283853.1911,13,2645977.308,300282.3944,2387820.893,182265.8719
72,2,11,301959.9044,14,2645977.308,300282.3944,2379463.585,158330.9259
73,2,12,301986.5029,15,2645977.308,300282.3944,2379732.846,157770.1696
74,2,10,304223.3689,16,2645977.308,300282.3944,2377532.441,157141.8639
75,2,27,305324.419,17,2645977.308,300282.3944,2376220.008,157264.914
76,2,26,305362.7323,18,2645977.308,300282.3944,2376097.123,157415.0303
77,2,23,306125.4532,19,2645977.308,300282.3944,2375431.213,157042.7226
78,2,13,315184.9276,20,2645977.308,300282.3944,2379004.762,132749.7167
79,2,28,315184.9276,20,2645977.308,300282.3944,2379004.762,132749.7167
80,2,15,315851.1924,21,2645977.308,300282.3944,2378943.616,131596.3461
81,2,17,316105.2598,22,2645977.308,300282.3944,2379351.32,130479.2213
82,2,14,316437.6219,23,2645977.308,300282.3944,2377809.497,132297.8911
83,2,16,317033.0596,24,2645977.308,300282.3944,2378096.736,130724.2625
84,2,18,358056.2816,25,2645977.308,300282.3944,2345519.887,105527.0643
85,2,29,360380.2492,26,2645977.308,300282.3944,2343461.743,104429.7542
86,2,19,361492.0239,27,2645977.308,300282.3944,2342097.36,104493.0675
87,2,20,361868.1613,28,2645977.308,300282.3944,2342131.096,103747.2949
88,3,2,1282.833355,1,2644816.1,300827.6066,2645977.308,300282.3944
89,3,0,2462.888983,2,2644816.1,300827.6066,2646678.523,302439.1905
90,3,1,2962.438233,3,2644816.1,300827.6066,2646842.293,302988.7598
91,3,5,35055.83209,4,2644816.1,300827.6066,2610561.839,293373.953
92,3,8,35448.82523,5,2644816.1,300827.6066,2610221.152,293093.9902
93,3,7,36017.20852,6,2644816.1,300827.6066,2609853.305,292176.4644
94,3,6,36256.56401,7,2644816.1,300827.6066,2609264.738,293711.4921
95,3,4,57729.11073,8,2644816.1,300827.6066,2590076.669,319164.5906
96,3,9,281353.6432,9,2644816.1,300827.6066,2388731.659,184291.6388
97,3,22,281657.7765,10,2644816.1,300827.6066,2388710.32,183605.8815
98,3,21,282078.9811,11,2644816.1,300827.6066,2388412.754,183244.1214
99,3,25,282910.3531,12,2644816.1,300827.6066,2387869.067,182436.3484
100,3,24,283025.4777,13,2644816.1,300827.6066,2387820.893,182265.8719
101,3,11,301193.0625,14,2644816.1,300827.6066,2379463.585,158330.9259
102,3,12,301221.7817,15,2644816.1,300827.6066,2379732.846,157770.1696
103,3,10,303456.9935,16,2644816.1,300827.6066,2377532.441,157141.8639
104,3,27,304555.5899,17,2644816.1,300827.6066,2376220.008,157264.914
105,3,26,304593.2627,18,2644816.1,300827.6066,2376097.123,157415.0303
106,3,23,305356.0381,19,2644816.1,300827.6066,2375431.213,157042.7226
107,3,13,314492.9958,20,2644816.1,300827.6066,2379004.762,132749.7167
108,3,28,314492.9958,20,2644816.1,300827.6066,2379004.762,132749.7167
109,3,15,315162.4934,21,2644816.1,300827.6066,2378943.616,131596.3461
110,3,17,315420.5474,22,2644816.1,300827.6066,2379351.32,130479.2213
111,3,14,315744.8197,23,2644816.1,300827.6066,2377809.497,132297.8911
112,3,16,316345.328,24,2644816.1,300827.6066,2378096.736,130724.2625
113,3,18,357380.0848,25,2644816.1,300827.6066,2345519.887,105527.0643
114,3,29,359703.4402,26,2644816.1,300827.6066,2343461.743,104429.7542
115,3,19,360812.8137,27,2644816.1,300827.6066,2342097.36,104493.0675
116,3,20,361190.8926,28,2644816.1,300827.6066,2342131.096,103747.2949
117,4,6,31875.41669,1,2590076.669,319164.5906,2609264.738,293711.4921
118,4,5,32936.28916,2,2590076.669,319164.5906,2610561.839,293373.953
119,4,8,32946.56888,3,2590076.669,319164.5906,2610221.152,293093.9902
120,4,7,33458.54536,4,2590076.669,319164.5906,2609853.305,292176.4644
121,4,3,57729.11073,5,2590076.669,319164.5906,2644816.1,300827.6066
122,4,2,59003.54871,6,2590076.669,319164.5906,2645977.308,300282.3944
123,4,0,59021.25735,7,2590076.669,319164.5906,2646678.523,302439.1905
124,4,1,59025.36296,8,2590076.669,319164.5906,2646842.293,302988.7598
125,4,9,242343.8183,9,2590076.669,319164.5906,2388731.659,184291.6388
126,4,22,242743.8364,10,2590076.669,319164.5906,2388710.32,183605.8815
127,4,21,243192.7396,11,2590076.669,319164.5906,2388412.754,183244.1214
128,4,25,244095.3233,12,2590076.669,319164.5906,2387869.067,182436.3484
129,4,24,244230.7476,13,2590076.669,319164.5906,2387820.893,182265.8719
130,4,11,265000.6393,14,2590076.669,319164.5906,2379463.585,158330.9259
131,4,12,265127.6734,15,2590076.669,319164.5906,2379732.846,157770.1696
132,4,10,267257.2037,16,2590076.669,319164.5906,2377532.441,157141.8639
133,4,27,268227.8452,17,2590076.669,319164.5906,2376220.008,157264.914
134,4,26,268235.2822,18,2590076.669,319164.5906,2376097.123,157415.0303
135,4,23,268991.0257,19,2590076.669,319164.5906,2375431.213,157042.7226
136,4,13,281605.851,20,2590076.669,319164.5906,2379004.762,132749.7167
137,4,28,281605.851,20,2590076.669,319164.5906,2379004.762,132749.7167
138,4,15,282416.3816,21,2590076.669,319164.5906,2378943.616,131596.3461
139,4,14,282801.1952,22,2590076.669,319164.5906,2377809.497,132297.8911
140,4,17,282855.6902,23,2590076.669,319164.5906,2379351.32,130479.2213
141,4,16,283628.7172,24,2590076.669,319164.5906,2378096.736,130724.2625
142,4,18,324729.1373,25,2590076.669,319164.5906,2345519.887,105527.0643
143,4,29,327001.4862,26,2590076.669,319164.5906,2343461.743,104429.7542
144,4,19,327990.2446,27,2590076.669,319164.5906,2342097.36,104493.0675
145,4,20,328453.3737,28,2590076.669,319164.5906,2342131.096,103747.2949
146,5,8,440.9606397,1,2610561.839,293373.953,2610221.152,293093.9902
147,5,6,1340.29972,2,2610561.839,293373.953,2609264.738,293711.4921
148,5,7,1391.40197,3,2610561.839,293373.953,2609853.305,292176.4644
149,5,4,32936.28916,4,2610561.839,293373.953,2590076.669,319164.5906
150,5,3,35055.83209,5,2610561.839,293373.953,2644816.1,300827.6066
151,5,2,36082.98844,6,2610561.839,293373.953,2645977.308,300282.3944
152,5,0,37236.9898,7,2610561.839,293373.953,2646678.523,302439.1905
153,5,1,37532.86358,8,2610561.839,293373.953,2646842.293,302988.7598
154,5,9,247199.4737,9,2610561.839,293373.953,2388731.659,184291.6388
155,5,22,247521.97,10,2610561.839,293373.953,2388710.32,183605.8815
156,5,21,247949.1792,11,2610561.839,293373.953,2388412.754,183244.1214
157,5,25,248795.5442,12,2610561.839,293373.953,2387869.067,182436.3484
158,5,24,248914.713,13,2610561.839,293373.953,2387820.893,182265.8719
159,5,11,267662.1411,14,2610561.839,293373.953,2379463.585,158330.9259
160,5,12,267713.298,15,2610561.839,293373.953,2379732.846,157770.1696
161,5,10,269929.4023,16,2610561.839,293373.953,2377532.441,157141.8639
162,5,27,271001.4099,17,2610561.839,293373.953,2376220.008,157264.914
163,5,26,271032.3443,18,2610561.839,293373.953,2376097.123,157415.0303
164,5,23,271795.1717,19,2610561.839,293373.953,2375431.213,157042.7226
165,5,13,281813.4579,20,2610561.839,293373.953,2379004.762,132749.7167
166,5,28,281813.4579,20,2610561.839,293373.953,2379004.762,132749.7167
167,5,15,282522.5569,21,2610561.839,293373.953,2378943.616,131596.3461
168,5,17,282830.3335,22,2610561.839,293373.953,2379351.32,130479.2213
169,5,14,283053.2643,23,2610561.839,293373.953,2377809.497,132297.8911
170,5,16,283716.3118,24,2610561.839,293373.953,2378096.736,130724.2625
171,5,18,324859.4925,25,2610561.839,293373.953,2345519.887,105527.0643
172,5,29,327173.3049,26,2610561.839,293373.953,2343461.743,104429.7542
173,5,19,328251.6794,27,2610561.839,293373.953,2342097.36,104493.0675
174,5,20,328653.8195,28,2610561.839,293373.953,2342131.096,103747.2949
175,6,8,1138.436498,1,2609264.738,293711.4921,2610221.152,293093.9902
176,6,5,1340.29972,2,2609264.738,293711.4921,2610561.839,293373.953
177,6,7,1643.995462,3,2609264.738,293711.4921,2609853.305,292176.4644
178,6,4,31875.41669,4,2609264.738,293711.4921,2590076.669,319164.5906
179,6,3,36256.56401,5,2609264.738,293711.4921,2644816.1,300827.6066
180,6,2,37295.97291,6,2609264.738,293711.4921,2645977.308,300282.3944
181,6,0,38418.27737,7,2609264.738,293711.4921,2646678.523,302439.1905
182,6,1,38705.81771,8,2609264.738,293711.4921,2646842.293,302988.7598
183,6,9,246185.9928,9,2609264.738,293711.4921,2388731.659,184291.6388
184,6,22,246510.6417,10,2609264.738,293711.4921,2388710.32,183605.8815
185,6,21,246938.5319,11,2609264.738,293711.4921,2388412.754,183244.1214
186,6,25,247786.6033,12,2609264.738,293711.4921,2387869.067,182436.3484
187,6,24,247906.2371,13,2609264.738,293711.4921,2387820.893,182265.8719
188,6,11,266714.2052,14,2609264.738,293711.4921,2379463.585,158330.9259
189,6,12,266767.5627,15,2609264.738,293711.4921,2379732.846,157770.1696
190,6,10,268981.6363,16,2609264.738,293711.4921,2377532.441,157141.8639
191,6,27,270050.9485,17,2609264.738,293711.4921,2376220.008,157264.914
192,6,26,270081.214,18,2609264.738,293711.4921,2376097.123,157415.0303
193,6,23,270843.9952,19,2609264.738,293711.4921,2375431.213,157042.7226
194,6,13,280941.8971,20,2609264.738,293711.4921,2379004.762,132749.7167
195,6,28,280941.8971,20,2609264.738,293711.4921,2379004.762,132749.7167
196,6,15,281654.2911,21,2609264.738,293711.4921,2378943.616,131596.3461
197,6,17,281966.2283,22,2609264.738,293711.4921,2379351.32,130479.2213
198,6,14,282180.5791,23,2609264.738,293711.4921,2377809.497,132297.8911
199,6,16,282848.8675,24,2609264.738,293711.4921,2378096.736,130724.2625
200,6,18,323998.0329,25,2609264.738,293711.4921,2345519.887,105527.0643
201,6,29,326310.9075,26,2609264.738,293711.4921,2343461.743,104429.7542
202,6,19,327386.6517,27,2609264.738,293711.4921,2342097.36,104493.0675
203,6,20,327790.7546,28,2609264.738,293711.4921,2342131.096,103747.2949
204,7,8,988.5168528,1,2609853.305,292176.4644,2610221.152,293093.9902
205,7,5,1391.40197,2,2609853.305,292176.4644,2610561.839,293373.953
206,7,6,1643.995462,3,2609853.305,292176.4644,2609264.738,293711.4921
207,7,4,33458.54536,4,2609853.305,292176.4644,2590076.669,319164.5906
208,7,3,36017.20852,5,2609853.305,292176.4644,2644816.1,300827.6066
209,7,2,37022.28709,6,2609853.305,292176.4644,2645977.308,300282.3944
210,7,0,38228.52655,7,2609853.305,292176.4644,2646678.523,302439.1905
211,7,1,38536.87793,8,2609853.305,292176.4644,2646842.293,302988.7598
212,7,9,246036.4154,9,2609853.305,292176.4644,2388731.659,184291.6388
213,7,22,246357.0396,10,2609853.305,292176.4644,2388710.32,183605.8815
214,7,21,246783.6556,11,2609853.305,292176.4644,2388412.754,183244.1214
215,7,25,247628.5424,12,2609853.305,292176.4644,2387869.067,182436.3484
216,7,24,247747.3107,13,2609853.305,292176.4644,2387820.893,182265.8719
217,7,11,266447.0883,14,2609853.305,292176.4644,2379463.585,158330.9259
218,7,12,266496.6746,15,2609853.305,292176.4644,2379732.846,157770.1696
219,7,10,268714.2106,16,2609853.305,292176.4644,2377532.441,157141.8639
220,7,27,269788.1461,17,2609853.305,292176.4644,2376220.008,157264.914
221,7,26,269819.5632,18,2609853.305,292176.4644,2376097.123,157415.0303
222,7,23,270582.4183,19,2609853.305,292176.4644,2375431.213,157042.7226
223,7,13,280549.3495,20,2609853.305,292176.4644,2379004.762,132749.7167
224,7,28,280549.3495,20,2609853.305,292176.4644,2379004.762,132749.7167
225,7,15,281256.571,21,2609853.305,292176.4644,2378943.616,131596.3461
226,7,17,281562.0062,22,2609853.305,292176.4644,2379351.32,130479.2213
227,7,14,281789.7923,23,2609853.305,292176.4644,2377809.497,132297.8911
228,7,16,282449.8547,24,2609853.305,292176.4644,2378096.736,130724.2625
229,7,18,323589.4844,25,2609853.305,292176.4644,2345519.887,105527.0643
230,7,29,325903.8069,26,2609853.305,292176.4644,2343461.743,104429.7542
231,7,19,326983.6436,27,2609853.305,292176.4644,2342097.36,104493.0675
232,7,20,327384.6865,28,2609853.305,292176.4644,2342131.096,103747.2949
233,8,5,440.9606397,1,2610221.152,293093.9902,2610561.839,293373.953
234,8,7,988.5168528,2,2610221.152,293093.9902,2609853.305,292176.4644
235,8,6,1138.436498,3,2610221.152,293093.9902,2609264.738,293711.4921
236,8,4,32946.56888,4,2610221.152,293093.9902,2590076.669,319164.5906
237,8,3,35448.82523,5,2610221.152,293093.9902,2644816.1,300827.6066
238,8,2,36471.57577,6,2610221.152,293093.9902,2645977.308,300282.3944
239,8,0,37636.05489,7,2610221.152,293093.9902,2646678.523,302439.1905
240,8,1,37934.34292,8,2610221.152,293093.9902,2646842.293,302988.7598
241,8,9,246770.2318,9,2610221.152,293093.9902,2388731.659,184291.6388
242,8,22,247092.4819,10,2610221.152,293093.9902,2388710.32,183605.8815
243,8,21,247519.6136,11,2610221.152,293093.9902,2388412.754,183244.1214
244,8,25,248365.7862,12,2610221.152,293093.9902,2387869.067,182436.3484
245,8,24,248484.9029,13,2610221.152,293093.9902,2387820.893,182265.8719
246,8,11,267226.7543,14,2610221.152,293093.9902,2379463.585,158330.9259
247,8,12,267277.7504,15,2610221.152,293093.9902,2379732.846,157770.1696
248,8,10,269494.0018,16,2610221.152,293093.9902,2377532.441,157141.8639
249,8,27,270566.2093,17,2610221.152,293093.9902,2376220.008,157264.914
250,8,26,270597.194,18,2610221.152,293093.9902,2376097.123,157415.0303
251,8,23,271360.0246,19,2610221.152,293093.9902,2375431.213,157042.7226
252,8,13,281373.9598,20,2610221.152,293093.9902,2379004.762,132749.7167
253,8,28,281373.9598,20,2610221.152,293093.9902,2379004.762,132749.7167
254,8,15,282082.9451,21,2610221.152,293093.9902,2378943.616,131596.3461
255,8,17,282390.5852,22,2610221.152,293093.9902,2379351.32,130479.2213
256,8,14,282613.8058,23,2610221.152,293093.9902,2377809.497,132297.8911
257,8,16,283276.6721,24,2610221.152,293093.9902,2378096.736,130724.2625
258,8,18,324419.6538,25,2610221.152,293093.9902,2345519.887,105527.0643
259,8,29,326733.4946,26,2610221.152,293093.9902,2343461.743,104429.7542
260,8,19,327811.9521,27,2610221.152,293093.9902,2342097.36,104493.0675
261,8,20,328214.0299,28,2610221.152,293093.9902,2342131.096,103747.2949
262,9,22,686.0892284,1,2388731.659,184291.6388,2388710.32,183605.8815
263,9,21,1094.985395,2,2388731.659,184291.6388,2388412.754,183244.1214
264,9,25,2046.012809,3,2388731.659,184291.6388,2387869.067,182436.3484
265,9,24,2221.08658,4,2388731.659,184291.6388,2387820.893,182265.8719
266,9,11,27565.4821,5,2388731.659,184291.6388,2379463.585,158330.9259
267,9,12,28006.55219,6,2388731.659,184291.6388,2379732.846,157770.1696
268,9,10,29368.90809,7,2388731.659,184291.6388,2377532.441,157141.8639
269,9,26,29698.20856,8,2388731.659,184291.6388,2376097.123,157415.0303
270,9,27,29782.29796,9,2388731.659,184291.6388,2376220.008,157264.914
271,9,23,30321.69674,10,2388731.659,184291.6388,2375431.213,157042.7226
272,9,13,52451.71357,11,2388731.659,184291.6388,2379004.762,132749.7167
273,9,28,52451.71357,11,2388731.659,184291.6388,2379004.762,132749.7167
274,9,14,53128.55569,12,2388731.659,184291.6388,2377809.497,132297.8911
275,9,15,53596.63848,13,2388731.659,184291.6388,2378943.616,131596.3461
276,9,16,54612.86831,14,2388731.659,184291.6388,2378096.736,130724.2625
277,9,17,54623.86877,15,2388731.659,184291.6388,2379351.32,130479.2213
278,9,18,89839.38708,16,2388731.659,184291.6388,2345519.887,105527.0643
279,9,29,91800.25018,17,2388731.659,184291.6388,2343461.743,104429.7542
280,9,19,92426.02341,18,2388731.659,184291.6388,2342097.36,104493.0675
281,9,20,93053.76849,19,2388731.659,184291.6388,2342131.096,103747.2949
282,9,4,242343.8183,20,2388731.659,184291.6388,2590076.669,319164.5906
283,9,7,246036.4154,21,2388731.659,184291.6388,2609853.305,292176.4644
284,9,6,246185.9928,22,2388731.659,184291.6388,2609264.738,293711.4921
285,9,8,246770.2318,23,2388731.659,184291.6388,2610221.152,293093.9902
286,9,5,247199.4737,24,2388731.659,184291.6388,2610561.839,293373.953
287,9,3,281353.6432,25,2388731.659,184291.6388,2644816.1,300827.6066
288,9,2,282186.4267,26,2388731.659,184291.6388,2645977.308,300282.3944
289,9,0,283717.1628,27,2388731.659,184291.6388,2646678.523,302439.1905
290,9,1,284095.2404,28,2388731.659,184291.6388,2646842.293,302988.7598
291,10,27,1318.189022,1,2377532.441,157141.8639,2376220.008,157264.914
292,10,26,1461.081353,2,2377532.441,157141.8639,2376097.123,157415.0303
293,10,23,2103.565408,3,2377532.441,157141.8639,2375431.213,157042.7226
294,10,11,2267.859576,4,2377532.441,157141.8639,2379463.585,158330.9259
295,10,12,2288.350833,5,2377532.441,157141.8639,2379732.846,157770.1696
296,10,13,24436.54172,6,2377532.441,157141.8639,2379004.762,132749.7167
297,10,28,24436.54172,6,2377532.441,157141.8639,2379004.762,132749.7167
298,10,14,24845.51755,7,2377532.441,157141.8639,2377809.497,132297.8911
299,10,15,25584.46581,8,2377532.441,157141.8639,2378943.616,131596.3461
300,10,16,26423.62755,9,2377532.441,157141.8639,2378096.736,130724.2625
301,10,17,26724.61095,10,2377532.441,157141.8639,2379351.32,130479.2213
302,10,24,27148.99688,11,2377532.441,157141.8639,2387820.893,182265.8719
303,10,25,27325.021,12,2377532.441,157141.8639,2387869.067,182436.3484
304,10,21,28279.12768,13,2377532.441,157141.8639,2388412.754,183244.1214
305,10,22,28727.84735,14,2377532.441,157141.8639,2388710.32,183605.8815
306,10,9,29368.90809,15,2377532.441,157141.8639,2388731.659,184291.6388
307,10,18,60736.24266,16,2377532.441,157141.8639,2345519.887,105527.0643
308,10,29,62764.47232,17,2377532.441,157141.8639,2343461.743,104429.7542
309,10,19,63462.90812,18,2377532.441,157141.8639,2342097.36,104493.0675
310,10,20,64064.3055,19,2377532.441,157141.8639,2342131.096,103747.2949
311,10,4,267257.2037,20,2377532.441,157141.8639,2590076.669,319164.5906
312,10,7,268714.2106,21,2377532.441,157141.8639,2609853.305,292176.4644
313,10,6,268981.6363,22,2377532.441,157141.8639,2609264.738,293711.4921
314,10,8,269494.0018,23,2377532.441,157141.8639,2610221.152,293093.9902
315,10,5,269929.4023,24,2377532.441,157141.8639,2610561.839,293373.953
316,10,3,303456.9935,25,2377532.441,157141.8639,2644816.1,300827.6066
317,10,2,304223.3689,26,2377532.441,157141.8639,2645977.308,300282.3944
318,10,0,305860.9593,27,2377532.441,157141.8639,2646678.523,302439.1905
319,10,1,306266.4088,28,2377532.441,157141.8639,2646842.293,302988.7598
320,11,12,622.0520877,1,2379463.585,158330.9259,2379732.846,157770.1696
321,11,10,2267.859576,2,2379463.585,158330.9259,2377532.441,157141.8639
322,11,27,3414.26083,3,2379463.585,158330.9259,2376220.008,157264.914
323,11,26,3488.830171,4,2379463.585,158330.9259,2376097.123,157415.0303
324,11,23,4233.142248,5,2379463.585,158330.9259,2375431.213,157042.7226
325,11,24,25352.04602,6,2379463.585,158330.9259,2387820.893,182265.8719
326,11,25,25528.87592,7,2379463.585,158330.9259,2387869.067,182436.3484
327,11,13,25585.32356,8,2379463.585,158330.9259,2379004.762,132749.7167
328,11,28,25585.32356,8,2379463.585,158330.9259,2379004.762,132749.7167
329,11,14,26085.53066,9,2379463.585,158330.9259,2377809.497,132297.8911
330,11,21,26471.77614,10,2379463.585,158330.9259,2388412.754,183244.1214
331,11,15,26739.63581,11,2379463.585,158330.9259,2378943.616,131596.3461
332,11,22,26913.29572,12,2379463.585,158330.9259,2388710.32,183605.8815
333,11,9,27565.4821,13,2379463.585,158330.9259,2388731.659,184291.6388
334,11,16,27640.48013,14,2379463.585,158330.9259,2378096.736,130724.2625
335,11,17,27851.93088,15,2379463.585,158330.9259,2379351.32,130479.2213
336,11,18,62772.78458,16,2379463.585,158330.9259,2345519.887,105527.0643
337,11,29,64818.73944,17,2379463.585,158330.9259,2343461.743,104429.7542
338,11,19,65534.34043,18,2379463.585,158330.9259,2342097.36,104493.0675
339,11,20,66129.32445,19,2379463.585,158330.9259,2342131.096,103747.2949
340,11,4,265000.6393,20,2379463.585,158330.9259,2590076.669,319164.5906
341,11,7,266447.0883,21,2379463.585,158330.9259,2609853.305,292176.4644
342,11,6,266714.2052,22,2379463.585,158330.9259,2609264.738,293711.4921
343,11,8,267226.7543,23,2379463.585,158330.9259,2610221.152,293093.9902
344,11,5,267662.1411,24,2379463.585,158330.9259,2610561.839,293373.953
345,11,3,301193.0625,25,2379463.585,158330.9259,2644816.1,300827.6066
346,11,2,301959.9044,26,2379463.585,158330.9259,2645977.308,300282.3944
347,11,0,303596.7962,27,2379463.585,158330.9259,2646678.523,302439.1905
348,11,1,304002.0755,28,2379463.585,158330.9259,2646842.293,302988.7598
349,12,11,622.0520877,1,2379732.846,157770.1696,2379463.585,158330.9259
350,12,10,2288.350833,2,2379732.846,157770.1696,2377532.441,157141.8639
351,12,27,3548.987811,3,2379732.846,157770.1696,2376220.008,157264.914
352,12,26,3653.027107,4,2379732.846,157770.1696,2376097.123,157415.0303
353,12,23,4362.708194,5,2379732.846,157770.1696,2375431.213,157042.7226
354,12,13,25031.04411,6,2379732.846,157770.1696,2379004.762,132749.7167
355,12,28,25031.04411,6,2379732.846,157770.1696,2379004.762,132749.7167
356,12,14,25544.78899,7,2379732.846,157770.1696,2377809.497,132297.8911
357,12,24,25796.43276,8,2379732.846,157770.1696,2387820.893,182265.8719
358,12,25,25973.41835,9,2379732.846,157770.1696,2387869.067,182436.3484
359,12,15,26185.71977,10,2379732.846,157770.1696,2378943.616,131596.3461
360,12,21,26912.13532,11,2379732.846,157770.1696,2388412.754,183244.1214
361,12,16,27095.34919,12,2379732.846,157770.1696,2378096.736,130724.2625
362,12,17,27293.61507,13,2379732.846,157770.1696,2379351.32,130479.2213
363,12,22,27351.03389,14,2379732.846,157770.1696,2388710.32,183605.8815
364,12,9,28006.55219,15,2379732.846,157770.1696,2388731.659,184291.6388
365,12,18,62448.92819,16,2379732.846,157770.1696,2345519.887,105527.0643
366,12,29,64504.2079,17,2379732.846,157770.1696,2343461.743,104429.7542
367,12,19,65229.43649,18,2379732.846,157770.1696,2342097.36,104493.0675
368,12,20,65820.6852,19,2379732.846,157770.1696,2342131.096,103747.2949
369,12,4,265127.6734,20,2379732.846,157770.1696,2590076.669,319164.5906
370,12,7,266496.6746,21,2379732.846,157770.1696,2609853.305,292176.4644
371,12,6,266767.5627,22,2379732.846,157770.1696,2609264.738,293711.4921
372,12,8,267277.7504,23,2379732.846,157770.1696,2610221.152,293093.9902
373,12,5,267713.298,24,2379732.846,157770.1696,2610561.839,293373.953
374,12,3,301221.7817,25,2379732.846,157770.1696,2644816.1,300827.6066
375,12,2,301986.5029,26,2379732.846,157770.1696,2645977.308,300282.3944
376,12,0,303626.6128,27,2379732.846,157770.1696,2646678.523,302439.1905
377,12,1,304032.721,28,2379732.846,157770.1696,2646842.293,302988.7598
378,13,28,0,1,2379004.762,132749.7167,2379004.762,132749.7167
379,13,15,1154.990287,2,2379004.762,132749.7167,2378943.616,131596.3461
380,13,14,1277.812829,3,2379004.762,132749.7167,2377809.497,132297.8911
381,13,16,2219.679116,4,2379004.762,132749.7167,2378096.736,130724.2625
382,13,17,2296.791687,5,2379004.762,132749.7167,2379351.32,130479.2213
383,13,10,24436.54172,6,2379004.762,132749.7167,2377532.441,157141.8639
384,13,23,24554.43719,7,2379004.762,132749.7167,2375431.213,157042.7226
385,13,27,24672.85454,8,2379004.762,132749.7167,2376220.008,157264.914
386,13,26,24836.104,9,2379004.762,132749.7167,2376097.123,157415.0303
387,13,12,25031.04411,10,2379004.762,132749.7167,2379732.846,157770.1696
388,13,11,25585.32356,11,2379004.762,132749.7167,2379463.585,158330.9259
389,13,18,43154.48618,12,2379004.762,132749.7167,2345519.887,105527.0643
390,13,29,45445.86325,13,2379004.762,132749.7167,2343461.743,104429.7542
391,13,19,46482.19575,14,2379004.762,132749.7167,2342097.36,104493.0675
392,13,20,46912.76715,15,2379004.762,132749.7167,2342131.096,103747.2949
393,13,24,50294.8685,16,2379004.762,132749.7167,2387820.893,182265.8719
394,13,25,50471.15275,17,2379004.762,132749.7167,2387869.067,182436.3484
395,13,21,51363.36456,18,2379004.762,132749.7167,2388412.754,183244.1214
396,13,22,51774.00271,19,2379004.762,132749.7167,2388710.32,183605.8815
397,13,9,52451.71357,20,2379004.762,132749.7167,2388731.659,184291.6388
398,13,7,280549.3495,21,2379004.762,132749.7167,2609853.305,292176.4644
399,13,6,280941.8971,22,2379004.762,132749.7167,2609264.738,293711.4921
400,13,8,281373.9598,23,2379004.762,132749.7167,2610221.152,293093.9902
401,13,4,281605.851,24,2379004.762,132749.7167,2590076.669,319164.5906
402,13,5,281813.4579,25,2379004.762,132749.7167,2610561.839,293373.953
403,13,3,314492.9958,26,2379004.762,132749.7167,2644816.1,300827.6066
404,13,2,315184.9276,27,2379004.762,132749.7167,2645977.308,300282.3944
405,13,0,316928.6351,28,2379004.762,132749.7167,2646678.523,302439.1905
406,13,1,317361.4258,29,2379004.762,132749.7167,2646842.293,302988.7598
407,14,13,1277.812829,1,2377809.497,132297.8911,2379004.762,132749.7167
408,14,28,1277.812829,1,2377809.497,132297.8911,2379004.762,132749.7167
409,14,15,1333.563614,2,2377809.497,132297.8911,2378943.616,131596.3461
410,14,16,1599.629262,3,2377809.497,132297.8911,2378096.736,130724.2625
411,14,17,2384.277511,4,2377809.497,132297.8911,2379351.32,130479.2213
412,14,10,24845.51755,5,2377809.497,132297.8911,2377532.441,157141.8639
413,14,23,24858.85995,6,2377809.497,132297.8911,2375431.213,157042.7226
414,14,27,25017.56792,7,2377809.497,132297.8911,2376220.008,157264.914
415,14,26,25175.44255,8,2377809.497,132297.8911,2376097.123,157415.0303
416,14,12,25544.78899,9,2377809.497,132297.8911,2379732.846,157770.1696
417,14,11,26085.53066,10,2377809.497,132297.8911,2379463.585,158330.9259
418,14,18,41943.96355,11,2377809.497,132297.8911,2345519.887,105527.0643
419,14,29,44231.22478,12,2377809.497,132297.8911,2343461.743,104429.7542
420,14,19,45259.97012,13,2377809.497,132297.8911,2342097.36,104493.0675
421,14,20,45695.56678,14,2377809.497,132297.8911,2342131.096,103747.2949
422,14,24,50961.0358,15,2377809.497,132297.8911,2387820.893,182265.8719
423,14,25,51137.65583,16,2377809.497,132297.8911,2387869.067,182436.3484
424,14,21,52037.94241,17,2377809.497,132297.8911,2388412.754,183244.1214
425,14,22,52453.19659,18,2377809.497,132297.8911,2388710.32,183605.8815
426,14,9,53128.55569,19,2377809.497,132297.8911,2388731.659,184291.6388
427,14,7,281789.7923,20,2377809.497,132297.8911,2609853.305,292176.4644
428,14,6,282180.5791,21,2377809.497,132297.8911,2609264.738,293711.4921
429,14,8,282613.8058,22,2377809.497,132297.8911,2610221.152,293093.9902
430,14,4,282801.1952,23,2377809.497,132297.8911,2590076.669,319164.5906
431,14,5,283053.2643,24,2377809.497,132297.8911,2610561.839,293373.953
432,14,3,315744.8197,25,2377809.497,132297.8911,2644816.1,300827.6066
433,14,2,316437.6219,26,2377809.497,132297.8911,2645977.308,300282.3944
434,14,0,318180.1613,27,2377809.497,132297.8911,2646678.523,302439.1905
435,14,1,318612.6456,28,2377809.497,132297.8911,2646842.293,302988.7598
436,15,13,1154.990287,1,2378943.616,131596.3461,2379004.762,132749.7167
437,15,28,1154.990287,1,2378943.616,131596.3461,2379004.762,132749.7167
438,15,17,1189.197444,2,2378943.616,131596.3461,2379351.32,130479.2213
439,15,16,1215.621172,3,2378943.616,131596.3461,2378096.736,130724.2625
440,15,14,1333.563614,4,2378943.616,131596.3461,2377809.497,132297.8911
441,15,10,25584.46581,5,2378943.616,131596.3461,2377532.441,157141.8639
442,15,23,25687.64389,6,2378943.616,131596.3461,2375431.213,157042.7226
443,15,27,25812.65999,7,2378943.616,131596.3461,2376220.008,157264.914
444,15,26,25975.12228,8,2378943.616,131596.3461,2376097.123,157415.0303
445,15,12,26185.71977,9,2378943.616,131596.3461,2379732.846,157770.1696
446,15,11,26739.63581,10,2378943.616,131596.3461,2379463.585,158330.9259
447,15,18,42388.12487,11,2378943.616,131596.3461,2345519.887,105527.0643
448,15,29,44687.66087,12,2378943.616,131596.3461,2343461.743,104429.7542
449,15,19,45740.94734,13,2378943.616,131596.3461,2342097.36,104493.0675
450,15,20,46159.84494,14,2378943.616,131596.3461,2342131.096,103747.2949
451,15,24,51441.29564,15,2378943.616,131596.3461,2387820.893,182265.8719
452,15,25,51617.5309,16,2378943.616,131596.3461,2387869.067,182436.3484
453,15,21,52508.63994,17,2378943.616,131596.3461,2388412.754,183244.1214
454,15,22,52918.61942,18,2378943.616,131596.3461,2388710.32,183605.8815
455,15,9,53596.63848,19,2378943.616,131596.3461,2388731.659,184291.6388
456,15,7,281256.571,20,2378943.616,131596.3461,2609853.305,292176.4644
457,15,6,281654.2911,21,2378943.616,131596.3461,2609264.738,293711.4921
458,15,8,282082.9451,22,2378943.616,131596.3461,2610221.152,293093.9902
459,15,4,282416.3816,23,2378943.616,131596.3461,2590076.669,319164.5906
460,15,5,282522.5569,24,2378943.616,131596.3461,2610561.839,293373.953
461,15,3,315162.4934,25,2378943.616,131596.3461,2644816.1,300827.6066
462,15,2,315851.1924,26,2378943.616,131596.3461,2645977.308,300282.3944
463,15,0,317599.2095,27,2378943.616,131596.3461,2646678.523,302439.1905
464,15,1,318033.1122,28,2378943.616,131596.3461,2646842.293,302988.7598
465,16,15,1215.621172,1,2378096.736,130724.2625,2378943.616,131596.3461
466,16,17,1278.289946,2,2378096.736,130724.2625,2379351.32,130479.2213
467,16,14,1599.629262,3,2378096.736,130724.2625,2377809.497,132297.8911
468,16,13,2219.679116,4,2378096.736,130724.2625,2379004.762,132749.7167
469,16,28,2219.679116,4,2378096.736,130724.2625,2379004.762,132749.7167
470,16,10,26423.62755,5,2378096.736,130724.2625,2377532.441,157141.8639
471,16,23,26453.09733,6,2378096.736,130724.2625,2375431.213,157042.7226
472,16,27,26606.92188,7,2378096.736,130724.2625,2376220.008,157264.914
473,16,26,26765.56639,8,2378096.736,130724.2625,2376097.123,157415.0303
474,16,12,27095.34919,9,2378096.736,130724.2625,2379732.846,157770.1696
475,16,11,27640.48013,10,2378096.736,130724.2625,2379463.585,158330.9259
476,16,18,41184.34086,11,2378096.736,130724.2625,2345519.887,105527.0643
477,16,29,43485.44519,12,2378096.736,130724.2625,2343461.743,104429.7542
478,16,19,44542.45915,13,2378096.736,130724.2625,2342097.36,104493.0675
479,16,20,44958.693,14,2378096.736,130724.2625,2342131.096,103747.2949
480,16,24,52450.8983,15,2378096.736,130724.2625,2387820.893,182265.8719
481,16,25,52627.35282,16,2378096.736,130724.2625,2387869.067,182436.3484
482,16,21,53523.4136,17,2378096.736,130724.2625,2388412.754,183244.1214
483,16,22,53936.20113,18,2378096.736,130724.2625,2388710.32,183605.8815
484,16,9,54612.86831,19,2378096.736,130724.2625,2388731.659,184291.6388
485,16,7,282449.8547,20,2378096.736,130724.2625,2609853.305,292176.4644
486,16,6,282848.8675,21,2378096.736,130724.2625,2609264.738,293711.4921
487,16,8,283276.6721,22,2378096.736,130724.2625,2610221.152,293093.9902
488,16,4,283628.7172,23,2378096.736,130724.2625,2590076.669,319164.5906
489,16,5,283716.3118,24,2378096.736,130724.2625,2610561.839,293373.953
490,16,3,316345.328,25,2378096.736,130724.2625,2644816.1,300827.6066
491,16,2,317033.0596,26,2378096.736,130724.2625,2645977.308,300282.3944
492,16,0,318782.3592,27,2378096.736,130724.2625,2646678.523,302439.1905
493,16,1,319216.5895,28,2378096.736,130724.2625,2646842.293,302988.7598
494,17,15,1189.197444,1,2379351.32,130479.2213,2378943.616,131596.3461
495,17,16,1278.289946,2,2379351.32,130479.2213,2378096.736,130724.2625
496,17,13,2296.791687,3,2379351.32,130479.2213,2379004.762,132749.7167
497,17,28,2296.791687,3,2379351.32,130479.2213,2379004.762,132749.7167
498,17,14,2384.277511,4,2379351.32,130479.2213,2377809.497,132297.8911
499,17,10,26724.61095,5,2379351.32,130479.2213,2377532.441,157141.8639
500,17,23,26851.19812,6,2379351.32,130479.2213,2375431.213,157042.7226
501,17,27,26968.10058,7,2379351.32,130479.2213,2376220.008,157264.914
502,17,26,27131.67171,8,2379351.32,130479.2213,2376097.123,157415.0303
503,17,12,27293.61507,9,2379351.32,130479.2213,2379732.846,157770.1696
504,17,11,27851.93088,10,2379351.32,130479.2213,2379463.585,158330.9259
505,17,18,42037.79272,11,2379351.32,130479.2213,2345519.887,105527.0643
506,17,29,44346.77534,12,2379351.32,130479.2213,2343461.743,104429.7542
507,17,19,45421.7756,13,2379351.32,130479.2213,2342097.36,104493.0675
508,17,20,45825.11287,14,2379351.32,130479.2213,2342131.096,103747.2949
509,17,24,52474.66872,15,2379351.32,130479.2213,2387820.893,182265.8719
510,17,25,52650.6891,16,2379351.32,130479.2213,2387869.067,182436.3484
511,17,21,53537.31664,17,2379351.32,130479.2213,2388412.754,183244.1214
512,17,22,53944.72089,18,2379351.32,130479.2213,2388710.32,183605.8815
513,17,9,54623.86877,19,2379351.32,130479.2213,2388731.659,184291.6388
514,17,7,281562.0062,20,2379351.32,130479.2213,2609853.305,292176.4644
515,17,6,281966.2283,21,2379351.32,130479.2213,2609264.738,293711.4921
516,17,8,282390.5852,22,2379351.32,130479.2213,2610221.152,293093.9902
517,17,5,282830.3335,23,2379351.32,130479.2213,2610561.839,293373.953
518,17,4,282855.6902,24,2379351.32,130479.2213,2590076.669,319164.5906
519,17,3,315420.5474,25,2379351.32,130479.2213,2644816.1,300827.6066
520,17,2,316105.2598,26,2379351.32,130479.2213,2645977.308,300282.3944
521,17,0,317858.5604,27,2379351.32,130479.2213,2646678.523,302439.1905
522,17,1,318293.8286,28,2379351.32,130479.2213,2646842.293,302988.7598
523,18,29,2332.390522,1,2345519.887,105527.0643,2343461.743,104429.7542
524,18,19,3575.309234,2,2345519.887,105527.0643,2342097.36,104493.0675
525,18,20,3827.72545,3,2345519.887,105527.0643,2342131.096,103747.2949
526,18,16,41184.34086,4,2345519.887,105527.0643,2378096.736,130724.2625
527,18,14,41943.96355,5,2345519.887,105527.0643,2377809.497,132297.8911
528,18,17,42037.79272,6,2345519.887,105527.0643,2379351.32,130479.2213
529,18,15,42388.12487,7,2345519.887,105527.0643,2378943.616,131596.3461
530,18,13,43154.48618,8,2345519.887,105527.0643,2379004.762,132749.7167
531,18,28,43154.48618,8,2345519.887,105527.0643,2379004.762,132749.7167
532,18,23,59569.71133,9,2345519.887,105527.0643,2375431.213,157042.7226
533,18,27,60160.63935,10,2345519.887,105527.0643,2376220.008,157264.914
534,18,26,60227.30595,11,2345519.887,105527.0643,2376097.123,157415.0303
535,18,10,60736.24266,12,2345519.887,105527.0643,2377532.441,157141.8639
536,18,12,62448.92819,13,2345519.887,105527.0643,2379732.846,157770.1696
537,18,11,62772.78458,14,2345519.887,105527.0643,2379463.585,158330.9259
538,18,24,87625.45157,15,2345519.887,105527.0643,2387820.893,182265.8719
539,18,25,87798.01258,16,2345519.887,105527.0643,2387869.067,182436.3484
540,18,21,88767.89426,17,2345519.887,105527.0643,2388412.754,183244.1214
541,18,22,89228.4442,18,2345519.887,105527.0643,2388710.32,183605.8815
542,18,9,89839.38708,19,2345519.887,105527.0643,2388731.659,184291.6388
543,18,7,323589.4844,20,2345519.887,105527.0643,2609853.305,292176.4644
544,18,6,323998.0329,21,2345519.887,105527.0643,2609264.738,293711.4921
545,18,8,324419.6538,22,2345519.887,105527.0643,2610221.152,293093.9902
546,18,4,324729.1373,23,2345519.887,105527.0643,2590076.669,319164.5906
547,18,5,324859.4925,24,2345519.887,105527.0643,2610561.839,293373.953
548,18,3,357380.0848,25,2345519.887,105527.0643,2644816.1,300827.6066
549,18,2,358056.2816,26,2345519.887,105527.0643,2645977.308,300282.3944
550,18,0,359820.6631,27,2345519.887,105527.0643,2646678.523,302439.1905
551,18,1,360258.6758,28,2345519.887,105527.0643,2646842.293,302988.7598
552,19,20,746.5352995,1,2342097.36,104493.0675,2342131.096,103747.2949
553,19,29,1365.850756,2,2342097.36,104493.0675,2343461.743,104429.7542
554,19,18,3575.309234,3,2342097.36,104493.0675,2345519.887,105527.0643
555,19,16,44542.45915,4,2342097.36,104493.0675,2378096.736,130724.2625
556,19,14,45259.97012,5,2342097.36,104493.0675,2377809.497,132297.8911
557,19,17,45421.7756,6,2342097.36,104493.0675,2379351.32,130479.2213
558,19,15,45740.94734,7,2342097.36,104493.0675,2378943.616,131596.3461
559,19,13,46482.19575,8,2342097.36,104493.0675,2379004.762,132749.7167
560,19,28,46482.19575,8,2342097.36,104493.0675,2379004.762,132749.7167
561,19,23,62230.31418,9,2342097.36,104493.0675,2375431.213,157042.7226
562,19,27,62842.8425,10,2342097.36,104493.0675,2376220.008,157264.914
563,19,26,62902.44823,11,2342097.36,104493.0675,2376097.123,157415.0303
564,19,10,63462.90812,12,2342097.36,104493.0675,2377532.441,157141.8639
565,19,12,65229.43649,13,2342097.36,104493.0675,2379732.846,157770.1696
566,19,11,65534.34043,14,2342097.36,104493.0675,2379463.585,158330.9259
567,19,24,90217.79527,15,2342097.36,104493.0675,2387820.893,182265.8719
568,19,25,90389.18147,16,2342097.36,104493.0675,2387869.067,182436.3484
569,19,21,91361.06504,17,2342097.36,104493.0675,2388412.754,183244.1214
570,19,22,91823.7735,18,2342097.36,104493.0675,2388710.32,183605.8815
571,19,9,92426.02341,19,2342097.36,104493.0675,2388731.659,184291.6388
572,19,7,326983.6436,20,2342097.36,104493.0675,2609853.305,292176.4644
573,19,6,327386.6517,21,2342097.36,104493.0675,2609264.738,293711.4921
574,19,8,327811.9521,22,2342097.36,104493.0675,2610221.152,293093.9902
575,19,4,327990.2446,23,2342097.36,104493.0675,2590076.669,319164.5906
576,19,5,328251.6794,24,2342097.36,104493.0675,2610561.839,293373.953
577,19,3,360812.8137,25,2342097.36,104493.0675,2644816.1,300827.6066
578,19,2,361492.0239,26,2342097.36,104493.0675,2645977.308,300282.3944
579,19,0,363252.4634,27,2342097.36,104493.0675,2646678.523,302439.1905
580,19,1,363689.4466,28,2342097.36,104493.0675,2646842.293,302988.7598
581,20,19,746.5352995,1,2342131.096,103747.2949,2342097.36,104493.0675
582,20,29,1495.450427,2,2342131.096,103747.2949,2343461.743,104429.7542
583,20,18,3827.72545,3,2342131.096,103747.2949,2345519.887,105527.0643
584,20,16,44958.693,4,2342131.096,103747.2949,2378096.736,130724.2625
585,20,14,45695.56678,5,2342131.096,103747.2949,2377809.497,132297.8911
586,20,17,45825.11287,6,2342131.096,103747.2949,2379351.32,130479.2213
587,20,15,46159.84494,7,2342131.096,103747.2949,2378943.616,131596.3461
588,20,13,46912.76715,8,2342131.096,103747.2949,2379004.762,132749.7167
589,20,28,46912.76715,8,2342131.096,103747.2949,2379004.762,132749.7167
590,20,23,62843.45976,9,2342131.096,103747.2949,2375431.213,157042.7226
591,20,27,63452.26137,10,2342131.096,103747.2949,2376220.008,157264.914
592,20,26,63513.12312,11,2342131.096,103747.2949,2376097.123,157415.0303
593,20,10,64064.3055,12,2342131.096,103747.2949,2377532.441,157141.8639
594,20,12,65820.6852,13,2342131.096,103747.2949,2379732.846,157770.1696
595,20,11,66129.32445,14,2342131.096,103747.2949,2379463.585,158330.9259
596,20,24,90844.50748,15,2342131.096,103747.2949,2387820.893,182265.8719
597,20,25,91016.09255,16,2342131.096,103747.2949,2387869.067,182436.3484
598,20,21,91987.70206,17,2342131.096,103747.2949,2388412.754,183244.1214
599,20,22,92450.08388,18,2342131.096,103747.2949,2388710.32,183605.8815
600,20,9,93053.76849,19,2342131.096,103747.2949,2388731.659,184291.6388
601,20,7,327384.6865,20,2342131.096,103747.2949,2609853.305,292176.4644
602,20,6,327790.7546,21,2342131.096,103747.2949,2609264.738,293711.4921
603,20,8,328214.0299,22,2342131.096,103747.2949,2610221.152,293093.9902
604,20,4,328453.3737,23,2342131.096,103747.2949,2590076.669,319164.5906
605,20,5,328653.8195,24,2342131.096,103747.2949,2610561.839,293373.953
606,20,3,361190.8926,25,2342131.096,103747.2949,2644816.1,300827.6066
607,20,2,361868.1613,26,2342131.096,103747.2949,2645977.308,300282.3944
608,20,0,363631.1382,27,2342131.096,103747.2949,2646678.523,302439.1905
609,20,1,364068.7775,28,2342131.096,103747.2949,2646842.293,302988.7598
610,21,22,468.4185554,1,2388412.754,183244.1214,2388710.32,183605.8815
611,21,25,973.7009619,2,2388412.754,183244.1214,2387869.067,182436.3484
612,21,9,1094.985395,3,2388412.754,183244.1214,2388731.659,184291.6388
613,21,24,1143.359661,4,2388412.754,183244.1214,2387820.893,182265.8719
614,21,11,26471.77614,5,2388412.754,183244.1214,2379463.585,158330.9259
615,21,12,26912.13532,6,2388412.754,183244.1214,2379732.846,157770.1696
616,21,10,28279.12768,7,2388412.754,183244.1214,2377532.441,157141.8639
617,21,26,28614.97379,8,2388412.754,183244.1214,2376097.123,157415.0303
618,21,27,28698.12334,9,2388412.754,183244.1214,2376220.008,157264.914
619,21,23,29240.95937,10,2388412.754,183244.1214,2375431.213,157042.7226
620,21,13,51363.36456,11,2388412.754,183244.1214,2379004.762,132749.7167
621,21,28,51363.36456,11,2388412.754,183244.1214,2379004.762,132749.7167
622,21,14,52037.94241,12,2388412.754,183244.1214,2377809.497,132297.8911
623,21,15,52508.63994,13,2388412.754,183244.1214,2378943.616,131596.3461
624,21,16,53523.4136,14,2388412.754,183244.1214,2378096.736,130724.2625
625,21,17,53537.31664,15,2388412.754,183244.1214,2379351.32,130479.2213
626,21,18,88767.89426,16,2388412.754,183244.1214,2345519.887,105527.0643
627,21,29,90732.01148,17,2388412.754,183244.1214,2343461.743,104429.7542
628,21,19,91361.06504,18,2388412.754,183244.1214,2342097.36,104493.0675
629,21,20,91987.70206,19,2388412.754,183244.1214,2342131.096,103747.2949
630,21,4,243192.7396,20,2388412.754,183244.1214,2590076.669,319164.5906
631,21,7,246783.6556,21,2388412.754,183244.1214,2609853.305,292176.4644
632,21,6,246938.5319,22,2388412.754,183244.1214,2609264.738,293711.4921
633,21,8,247519.6136,23,2388412.754,183244.1214,2610221.152,293093.9902
634,21,5,247949.1792,24,2388412.754,183244.1214,2610561.839,293373.953
635,21,3,282078.9811,25,2388412.754,183244.1214,2644816.1,300827.6066
636,21,2,282908.9196,26,2388412.754,183244.1214,2645977.308,300282.3944
637,21,0,284444.4967,27,2388412.754,183244.1214,2646678.523,302439.1905
638,21,1,284823.8134,28,2388412.754,183244.1214,2646842.293,302988.7598
639,22,21,468.4185554,1,2388710.32,183605.8815,2388412.754,183244.1214
640,22,9,686.0892284,2,2388710.32,183605.8815,2388731.659,184291.6388
641,22,25,1440.665001,3,2388710.32,183605.8815,2387869.067,182436.3484
642,22,24,1608.323958,4,2388710.32,183605.8815,2387820.893,182265.8719
643,22,11,26913.29572,5,2388710.32,183605.8815,2379463.585,158330.9259
644,22,12,27351.03389,6,2388710.32,183605.8815,2379732.846,157770.1696
645,22,10,28727.84735,7,2388710.32,183605.8815,2377532.441,157141.8639
646,22,26,29069.80286,8,2388710.32,183605.8815,2376097.123,157415.0303
647,22,27,29152.26365,9,2388710.32,183605.8815,2376220.008,157264.914
648,22,23,29697.40889,10,2388710.32,183605.8815,2375431.213,157042.7226
649,22,13,51774.00271,11,2388710.32,183605.8815,2379004.762,132749.7167
650,22,28,51774.00271,11,2388710.32,183605.8815,2379004.762,132749.7167
651,22,14,52453.19659,12,2388710.32,183605.8815,2377809.497,132297.8911
652,22,15,52918.61942,13,2388710.32,183605.8815,2378943.616,131596.3461
653,22,16,53936.20113,14,2388710.32,183605.8815,2378096.736,130724.2625
654,22,17,53944.72089,15,2388710.32,183605.8815,2379351.32,130479.2213
655,22,18,89228.4442,16,2388710.32,183605.8815,2345519.887,105527.0643
656,22,29,91193.71087,17,2388710.32,183605.8815,2343461.743,104429.7542
657,22,19,91823.7735,18,2388710.32,183605.8815,2342097.36,104493.0675
658,22,20,92450.08388,19,2388710.32,183605.8815,2342131.096,103747.2949
659,22,4,242743.8364,20,2388710.32,183605.8815,2590076.669,319164.5906
660,22,7,246357.0396,21,2388710.32,183605.8815,2609853.305,292176.4644
661,22,6,246510.6417,22,2388710.32,183605.8815,2609264.738,293711.4921
662,22,8,247092.4819,23,2388710.32,183605.8815,2610221.152,293093.9902
663,22,5,247521.97,24,2388710.32,183605.8815,2610561.839,293373.953
664,22,3,281657.7765,25,2388710.32,183605.8815,2644816.1,300827.6066
665,22,2,282488.4276,26,2388710.32,183605.8815,2645977.308,300282.3944
666,22,0,284022.7963,27,2388710.32,183605.8815,2646678.523,302439.1905
667,22,1,284401.805,28,2388710.32,183605.8815,2646842.293,302988.7598
668,23,26,762.9210139,1,2375431.213,157042.7226,2376097.123,157415.0303
669,23,27,819.4912696,2,2375431.213,157042.7226,2376220.008,157264.914
670,23,10,2103.565408,3,2375431.213,157042.7226,2377532.441,157141.8639
671,23,11,4233.142248,4,2375431.213,157042.7226,2379463.585,158330.9259
672,23,12,4362.708194,5,2375431.213,157042.7226,2379732.846,157770.1696
673,23,13,24554.43719,6,2375431.213,157042.7226,2379004.762,132749.7167
674,23,28,24554.43719,6,2375431.213,157042.7226,2379004.762,132749.7167
675,23,14,24858.85995,7,2375431.213,157042.7226,2377809.497,132297.8911
676,23,15,25687.64389,8,2375431.213,157042.7226,2378943.616,131596.3461
677,23,16,26453.09733,9,2375431.213,157042.7226,2378096.736,130724.2625
678,23,17,26851.19812,10,2375431.213,157042.7226,2379351.32,130479.2213
679,23,24,28101.80484,11,2375431.213,157042.7226,2387820.893,182265.8719
680,23,25,28276.07513,12,2375431.213,157042.7226,2387869.067,182436.3484
681,23,21,29240.95937,13,2375431.213,157042.7226,2388412.754,183244.1214
682,23,22,29697.40889,14,2375431.213,157042.7226,2388710.32,183605.8815
683,23,9,30321.69674,15,2375431.213,157042.7226,2388731.659,184291.6388
684,23,18,59569.71133,16,2375431.213,157042.7226,2345519.887,105527.0643
685,23,29,61564.36863,17,2375431.213,157042.7226,2343461.743,104429.7542
686,23,19,62230.31418,18,2375431.213,157042.7226,2342097.36,104493.0675
687,23,20,62843.45976,19,2375431.213,157042.7226,2342131.096,103747.2949
688,23,4,268991.0257,20,2375431.213,157042.7226,2590076.669,319164.5906
689,23,7,270582.4183,21,2375431.213,157042.7226,2609853.305,292176.4644
690,23,6,270843.9952,22,2375431.213,157042.7226,2609264.738,293711.4921
691,23,8,271360.0246,23,2375431.213,157042.7226,2610221.152,293093.9902
692,23,5,271795.1717,24,2375431.213,157042.7226,2610561.839,293373.953
693,23,3,305356.0381,25,2375431.213,157042.7226,2644816.1,300827.6066
694,23,2,306125.4532,26,2375431.213,157042.7226,2645977.308,300282.3944
695,23,0,307758.405,27,2375431.213,157042.7226,2646678.523,302439.1905
696,23,1,308162.6515,28,2375431.213,157042.7226,2646842.293,302988.7598
697,24,25,177.1521322,1,2387820.893,182265.8719,2387869.067,182436.3484
698,24,21,1143.359661,2,2387820.893,182265.8719,2388412.754,183244.1214
699,24,22,1608.323958,3,2387820.893,182265.8719,2388710.32,183605.8815
700,24,9,2221.08658,4,2387820.893,182265.8719,2388731.659,184291.6388
701,24,11,25352.04602,5,2387820.893,182265.8719,2379463.585,158330.9259
702,24,12,25796.43276,6,2387820.893,182265.8719,2379732.846,157770.1696
703,24,10,27148.99688,7,2387820.893,182265.8719,2377532.441,157141.8639
704,24,26,27477.46579,8,2387820.893,182265.8719,2376097.123,157415.0303
705,24,27,27561.3578,9,2387820.893,182265.8719,2376220.008,157264.914
706,24,23,28101.80484,10,2387820.893,182265.8719,2375431.213,157042.7226
707,24,13,50294.8685,11,2387820.893,182265.8719,2379004.762,132749.7167
708,24,28,50294.8685,11,2387820.893,182265.8719,2379004.762,132749.7167
709,24,14,50961.0358,12,2387820.893,182265.8719,2377809.497,132297.8911
710,24,15,51441.29564,13,2387820.893,182265.8719,2378943.616,131596.3461
711,24,16,52450.8983,14,2387820.893,182265.8719,2378096.736,130724.2625
712,24,17,52474.66872,15,2387820.893,182265.8719,2379351.32,130479.2213
713,24,18,87625.45157,16,2387820.893,182265.8719,2345519.887,105527.0643
714,24,29,89589.03651,17,2387820.893,182265.8719,2343461.743,104429.7542
715,24,19,90217.79527,18,2387820.893,182265.8719,2342097.36,104493.0675
716,24,20,90844.50748,19,2387820.893,182265.8719,2342131.096,103747.2949
717,24,4,244230.7476,20,2387820.893,182265.8719,2590076.669,319164.5906
718,24,7,247747.3107,21,2387820.893,182265.8719,2609853.305,292176.4644
719,24,6,247906.2371,22,2387820.893,182265.8719,2609264.738,293711.4921
720,24,8,248484.9029,23,2387820.893,182265.8719,2610221.152,293093.9902
721,24,5,248914.713,24,2387820.893,182265.8719,2610561.839,293373.953
722,24,3,283025.4777,25,2387820.893,182265.8719,2644816.1,300827.6066
723,24,2,283853.1911,26,2387820.893,182265.8719,2645977.308,300282.3944
724,24,0,285392.5346,27,2387820.893,182265.8719,2646678.523,302439.1905
725,24,1,285772.8134,28,2387820.893,182265.8719,2646842.293,302988.7598
726,25,24,177.1521322,1,2387869.067,182436.3484,2387820.893,182265.8719
727,25,21,973.7009619,2,2387869.067,182436.3484,2388412.754,183244.1214
728,25,22,1440.665001,3,2387869.067,182436.3484,2388710.32,183605.8815
729,25,9,2046.012809,4,2387869.067,182436.3484,2388731.659,184291.6388
730,25,11,25528.87592,5,2387869.067,182436.3484,2379463.585,158330.9259
731,25,12,25973.41835,6,2387869.067,182436.3484,2379732.846,157770.1696
732,25,10,27325.021,7,2387869.067,182436.3484,2377532.441,157141.8639
733,25,26,27652.21543,8,2387869.067,182436.3484,2376097.123,157415.0303
734,25,27,27736.28813,9,2387869.067,182436.3484,2376220.008,157264.914
735,25,23,28276.07513,10,2387869.067,182436.3484,2375431.213,157042.7226
736,25,13,50471.15275,11,2387869.067,182436.3484,2379004.762,132749.7167
737,25,28,50471.15275,11,2387869.067,182436.3484,2379004.762,132749.7167
738,25,14,51137.65583,12,2387869.067,182436.3484,2377809.497,132297.8911
739,25,15,51617.5309,13,2387869.067,182436.3484,2378943.616,131596.3461
740,25,16,52627.35282,14,2387869.067,182436.3484,2378096.736,130724.2625
741,25,17,52650.6891,15,2387869.067,182436.3484,2379351.32,130479.2213
742,25,18,87798.01258,16,2387869.067,182436.3484,2345519.887,105527.0643
743,25,29,89761.01124,17,2387869.067,182436.3484,2343461.743,104429.7542
744,25,19,90389.18147,18,2387869.067,182436.3484,2342097.36,104493.0675
745,25,20,91016.09255,19,2387869.067,182436.3484,2342131.096,103747.2949
746,25,4,244095.3233,20,2387869.067,182436.3484,2590076.669,319164.5906
747,25,7,247628.5424,21,2387869.067,182436.3484,2609853.305,292176.4644
748,25,6,247786.6033,22,2387869.067,182436.3484,2609264.738,293711.4921
749,25,8,248365.7862,23,2387869.067,182436.3484,2610221.152,293093.9902
750,25,5,248795.5442,24,2387869.067,182436.3484,2610561.839,293373.953
751,25,3,282910.3531,25,2387869.067,182436.3484,2644816.1,300827.6066
752,25,2,283738.5328,26,2387869.067,182436.3484,2645977.308,300282.3944
753,25,0,285277.0877,27,2387869.067,182436.3484,2646678.523,302439.1905
754,25,1,285657.1646,28,2387869.067,182436.3484,2646842.293,302988.7598
755,26,27,193.9991805,1,2376097.123,157415.0303,2376220.008,157264.914
756,26,23,762.9210139,2,2376097.123,157415.0303,2375431.213,157042.7226
757,26,10,1461.081353,3,2376097.123,157415.0303,2377532.441,157141.8639
758,26,11,3488.830171,4,2376097.123,157415.0303,2379463.585,158330.9259
759,26,12,3653.027107,5,2376097.123,157415.0303,2379732.846,157770.1696
760,26,13,24836.104,6,2376097.123,157415.0303,2379004.762,132749.7167
761,26,28,24836.104,6,2376097.123,157415.0303,2379004.762,132749.7167
762,26,14,25175.44255,7,2376097.123,157415.0303,2377809.497,132297.8911
763,26,15,25975.12228,8,2376097.123,157415.0303,2378943.616,131596.3461
764,26,16,26765.56639,9,2376097.123,157415.0303,2378096.736,130724.2625
765,26,17,27131.67171,10,2376097.123,157415.0303,2379351.32,130479.2213
766,26,24,27477.46579,11,2376097.123,157415.0303,2387820.893,182265.8719
767,26,25,27652.21543,12,2376097.123,157415.0303,2387869.067,182436.3484
768,26,21,28614.97379,13,2376097.123,157415.0303,2388412.754,183244.1214
769,26,22,29069.80286,14,2376097.123,157415.0303,2388710.32,183605.8815
770,26,9,29698.20856,15,2376097.123,157415.0303,2388731.659,184291.6388
771,26,18,60227.30595,16,2376097.123,157415.0303,2345519.887,105527.0643
772,26,29,62229.4746,17,2376097.123,157415.0303,2343461.743,104429.7542
773,26,19,62902.44823,18,2376097.123,157415.0303,2342097.36,104493.0675
774,26,20,63513.12312,19,2376097.123,157415.0303,2342131.096,103747.2949
775,26,4,268235.2822,20,2376097.123,157415.0303,2590076.669,319164.5906
776,26,7,269819.5632,21,2376097.123,157415.0303,2609853.305,292176.4644
777,26,6,270081.214,22,2376097.123,157415.0303,2609264.738,293711.4921
778,26,8,270597.194,23,2376097.123,157415.0303,2610221.152,293093.9902
779,26,5,271032.3443,24,2376097.123,157415.0303,2610561.839,293373.953
780,26,3,304593.2627,25,2376097.123,157415.0303,2644816.1,300827.6066
781,26,2,305362.7323,26,2376097.123,157415.0303,2645977.308,300282.3944
782,26,0,306995.6044,27,2376097.123,157415.0303,2646678.523,302439.1905
783,26,1,307399.8336,28,2376097.123,157415.0303,2646842.293,302988.7598
784,27,26,193.9991805,1,2376220.008,157264.914,2376097.123,157415.0303
785,27,23,819.4912696,2,2376220.008,157264.914,2375431.213,157042.7226
786,27,10,1318.189022,3,2376220.008,157264.914,2377532.441,157141.8639
787,27,11,3414.26083,4,2376220.008,157264.914,2379463.585,158330.9259
788,27,12,3548.987811,5,2376220.008,157264.914,2379732.846,157770.1696
789,27,13,24672.85454,6,2376220.008,157264.914,2379004.762,132749.7167
790,27,28,24672.85454,6,2376220.008,157264.914,2379004.762,132749.7167
791,27,14,25017.56792,7,2376220.008,157264.914,2377809.497,132297.8911
792,27,15,25812.65999,8,2376220.008,157264.914,2378943.616,131596.3461
793,27,16,26606.92188,9,2376220.008,157264.914,2378096.736,130724.2625
794,27,17,26968.10058,10,2376220.008,157264.914,2379351.32,130479.2213
795,27,24,27561.3578,11,2376220.008,157264.914,2387820.893,182265.8719
796,27,25,27736.28813,12,2376220.008,157264.914,2387869.067,182436.3484
797,27,21,28698.12334,13,2376220.008,157264.914,2388412.754,183244.1214
798,27,22,29152.26365,14,2376220.008,157264.914,2388710.32,183605.8815
799,27,9,29782.29796,15,2376220.008,157264.914,2388731.659,184291.6388
800,27,18,60160.63935,16,2376220.008,157264.914,2345519.887,105527.0643
801,27,29,62166.37384,17,2376220.008,157264.914,2343461.743,104429.7542
802,27,19,62842.8425,18,2376220.008,157264.914,2342097.36,104493.0675
803,27,20,63452.26137,19,2376220.008,157264.914,2342131.096,103747.2949
804,27,4,268227.8452,20,2376220.008,157264.914,2590076.669,319164.5906
805,27,7,269788.1461,21,2376220.008,157264.914,2609853.305,292176.4644
806,27,6,270050.9485,22,2376220.008,157264.914,2609264.738,293711.4921
807,27,8,270566.2093,23,2376220.008,157264.914,2610221.152,293093.9902
808,27,5,271001.4099,24,2376220.008,157264.914,2610561.839,293373.953
809,27,3,304555.5899,25,2376220.008,157264.914,2644816.1,300827.6066
810,27,2,305324.419,26,2376220.008,157264.914,2645977.308,300282.3944
811,27,0,306958.269,27,2376220.008,157264.914,2646678.523,302439.1905
812,27,1,307362.7502,28,2376220.008,157264.914,2646842.293,302988.7598
813,28,13,0,1,2379004.762,132749.7167,2379004.762,132749.7167
814,28,15,1154.990287,2,2379004.762,132749.7167,2378943.616,131596.3461
815,28,14,1277.812829,3,2379004.762,132749.7167,2377809.497,132297.8911
816,28,16,2219.679116,4,2379004.762,132749.7167,2378096.736,130724.2625
817,28,17,2296.791687,5,2379004.762,132749.7167,2379351.32,130479.2213
818,28,10,24436.54172,6,2379004.762,132749.7167,2377532.441,157141.8639
819,28,23,24554.43719,7,2379004.762,132749.7167,2375431.213,157042.7226
820,28,27,24672.85454,8,2379004.762,132749.7167,2376220.008,157264.914
821,28,26,24836.104,9,2379004.762,132749.7167,2376097.123,157415.0303
822,28,12,25031.04411,10,2379004.762,132749.7167,2379732.846,157770.1696
823,28,11,25585.32356,11,2379004.762,132749.7167,2379463.585,158330.9259
824,28,18,43154.48618,12,2379004.762,132749.7167,2345519.887,105527.0643
825,28,29,45445.86325,13,2379004.762,132749.7167,2343461.743,104429.7542
826,28,19,46482.19575,14,2379004.762,132749.7167,2342097.36,104493.0675
827,28,20,46912.76715,15,2379004.762,132749.7167,2342131.096,103747.2949
828,28,24,50294.8685,16,2379004.762,132749.7167,2387820.893,182265.8719
829,28,25,50471.15275,17,2379004.762,132749.7167,2387869.067,182436.3484
830,28,21,51363.36456,18,2379004.762,132749.7167,2388412.754,183244.1214
831,28,22,51774.00271,19,2379004.762,132749.7167,2388710.32,183605.8815
832,28,9,52451.71357,20,2379004.762,132749.7167,2388731.659,184291.6388
833,28,7,280549.3495,21,2379004.762,132749.7167,2609853.305,292176.4644
834,28,6,280941.8971,22,2379004.762,132749.7167,2609264.738,293711.4921
835,28,8,281373.9598,23,2379004.762,132749.7167,2610221.152,293093.9902
836,28,4,281605.851,24,2379004.762,132749.7167,2590076.669,319164.5906
837,28,5,281813.4579,25,2379004.762,132749.7167,2610561.839,293373.953
838,28,3,314492.9958,26,2379004.762,132749.7167,2644816.1,300827.6066
839,28,2,315184.9276,27,2379004.762,132749.7167,2645977.308,300282.3944
840,28,0,316928.6351,28,2379004.762,132749.7167,2646678.523,302439.1905
841,28,1,317361.4258,29,2379004.762,132749.7167,2646842.293,302988.7598
842,29,19,1365.850756,1,2343461.743,104429.7542,2342097.36,104493.0675
843,29,20,1495.450427,2,2343461.743,104429.7542,2342131.096,103747.2949
844,29,18,2332.390522,3,2343461.743,104429.7542,2345519.887,105527.0643
845,29,16,43485.44519,4,2343461.743,104429.7542,2378096.736,130724.2625
846,29,14,44231.22478,5,2343461.743,104429.7542,2377809.497,132297.8911
847,29,17,44346.77534,6,2343461.743,104429.7542,2379351.32,130479.2213
848,29,15,44687.66087,7,2343461.743,104429.7542,2378943.616,131596.3461
849,29,13,45445.86325,8,2343461.743,104429.7542,2379004.762,132749.7167
850,29,28,45445.86325,8,2343461.743,104429.7542,2379004.762,132749.7167
851,29,23,61564.36863,9,2343461.743,104429.7542,2375431.213,157042.7226
852,29,27,62166.37384,10,2343461.743,104429.7542,2376220.008,157264.914
853,29,26,62229.4746,11,2343461.743,104429.7542,2376097.123,157415.0303
854,29,10,62764.47232,12,2343461.743,104429.7542,2377532.441,157141.8639
855,29,12,64504.2079,13,2343461.743,104429.7542,2379732.846,157770.1696
856,29,11,64818.73944,14,2343461.743,104429.7542,2379463.585,158330.9259
857,29,24,89589.03651,15,2343461.743,104429.7542,2387820.893,182265.8719
858,29,25,89761.01124,16,2343461.743,104429.7542,2387869.067,182436.3484
859,29,21,90732.01148,17,2343461.743,104429.7542,2388412.754,183244.1214
860,29,22,91193.71087,18,2343461.743,104429.7542,2388710.32,183605.8815
861,29,9,91800.25018,19,2343461.743,104429.7542,2388731.659,184291.6388
862,29,7,325903.8069,20,2343461.743,104429.7542,2609853.305,292176.4644
863,29,6,326310.9075,21,2343461.743,104429.7542,2609264.738,293711.4921
864,29,8,326733.4946,22,2343461.743,104429.7542,2610221.152,293093.9902
865,29,4,327001.4862,23,2343461.743,104429.7542,2590076.669,319164.5906
866,29,5,327173.3049,24,2343461.743,104429.7542,2610561.839,293373.953
867,29,3,359703.4402,25,2343461.743,104429.7542,2644816.1,300827.6066
868,29,2,360380.2492,26,2343461.743,104429.7542,2645977.308,300282.3944
869,29,0,362143.8285,27,2343461.743,104429.7542,2646678.523,302439.1905
870,29,1,362581.6276,28,2343461.743,104429.7542,2646842.293,302988.7598
