"abund","biom","S","shan","simp","simp_inv","J","Site","Subsite","Date","Transect_Type","Sampling_Period","Transect_Number","ID","Temp_avg","Temp_max","Temp_min","max_dep","min_dep","avg_dep","ver_rel_m","DRR","Structure_Type","Structure_Material","Reef_Type","Deployment_Year","Time_Since_Deployment_yrs","Depth_ft","DMF_Area_sqft","DMF_Notes","Longitude_DD","Latitude_DD","Table_ID","GIS_FID","NEAR_FID","Distance_to_HB","NR_FID","Distance_to_NR","AR_FID","Distance_to_AR","Distance_To_Nearest_Land_ft","Distance_To_Nearest_Land_miles","Notes"
263,10.903024810949,4,0.23927973847632,0.0952449796874322,1.10527156804781,0.172603846042498,330,"BARGE","2015-09-08","Radiating","Fall",1,"AR-330_BARGE_2015-09-08_R_T1",27.665,27.665,27.665,18.8995,18.4211,18.6517211111111,0.478400000000001,0.104128263723262,"SHIP","METAL","Artificial",2009,7,64,3775.935,"200 FT Deck Barge TBM IX",76.85133333,34.56326667,1,1,0,573.4517946,NA,NA,0,573.4517946,45683.28237,8.652136812,"Added to GIS"
1,0,1,0,0,1,NA,330,"BARGE","2015-09-08","Radiating","Fall",2,"AR-330_BARGE_2015-09-08_R_T2",27.665,27.665,27.665,18.7511,18.4393,18.58601,0.311800000000002,0.0683240253436036,"SHIP","METAL","Artificial",2009,7,64,3775.935,"200 FT Deck Barge TBM IX",76.85133333,34.56326667,1,1,0,573.4517946,NA,NA,0,573.4517946,45683.28237,8.652136812,"Added to GIS"
0,0,0,0,1,Inf,0,330,"BARGE","2015-09-08","Radiating","Fall",3,"AR-330_BARGE_2015-09-08_R_T3",27.665,27.665,27.665,18.82072952,18.47560042,18.6563416406011,0.345129100000001,0.0589660418669526,"SHIP","METAL","Artificial",2009,7,64,3775.935,"200 FT Deck Barge TBM IX",76.85133333,34.56326667,1,1,0,573.4517946,NA,NA,0,573.4517946,45683.28237,8.652136812,"Added to GIS"
6462,364.211031652927,10,0.564191243025942,0.349022176740511,1.53615064026749,0.245025143584303,330,"BARGE","2015-09-08","Structural","Fall",0,"AR-330_BARGE_2015-09-08_S",27.665,27.665,27.665,18.83393044,18.30208323,18.5634535442908,0.531847209999999,0.0984115477528333,"SHIP","METAL","Artificial",2009,7,64,3775.935,"200 FT Deck Barge TBM IX",76.85133333,34.56326667,1,1,0,573.4517946,NA,NA,0,573.4517946,45683.28237,8.652136812,"Added to GIS"
2010,0.314564401626626,4,0.0364699812155794,0.00991609118586168,1.01001540485365,0.026307530520515,330,"BARGE","2015-12-11","Radiating","Winter",1,"AR-330_BARGE_2015-12-11_R_T1",18.0785294117647,18.14,18.045,19.38966178,18.26411358,18.9056768940196,1.1255482,0.268677162966671,"SHIP","METAL","Artificial",2009,7,64,3775.935,"200 FT Deck Barge TBM IX",76.85133333,34.56326667,1,1,0,573.4517946,NA,NA,0,573.4517946,45683.28237,8.652136812,"Added to GIS"
736,5.69168316935507,7,0.253414129873702,0.0944884215500945,1.10434810973024,0.130229101275168,330,"BARGE","2015-12-11","Radiating","Winter",2,NA,NA,NA,NA,NA,NA,NA,NA,NA,"SHIP","METAL","Artificial",2009,7,64,3775.935,"200 FT Deck Barge TBM IX",76.85133333,34.56326667,1,1,0,573.4517946,NA,NA,0,573.4517946,45683.28237,8.652136812,"Added to GIS"
1514,3.35761835299341,10,0.0716461349692694,0.01839633259983,1.01874110011075,0.0311155210668493,330,"BARGE","2015-12-11","Structural","Winter",0,"AR-330_BARGE_2015-12-11_S",18.045,18.045,18.045,16.797451,16.42802949,16.6286032576378,0.369421509999999,0.0751489074750789,"SHIP","METAL","Artificial",2009,7,64,3775.935,"200 FT Deck Barge TBM IX",76.85133333,34.56326667,1,1,0,573.4517946,NA,NA,0,573.4517946,45683.28237,8.652136812,"Added to GIS"
2,0.528659078931586,2,0.693147180559945,0.5,2,1,330,"BARGE","2016-04-26","Radiating","Spring",1,"AR-330_BARGE_2016-04-26_R_T1",16.9002058823529,16.903,16.808,18.8193686,18.52935673,18.7123182996078,0.290011870000001,0.0504355956481154,"SHIP","METAL","Artificial",2009,7,64,3775.935,"200 FT Deck Barge TBM IX",76.85133333,34.56326667,1,1,0,573.4517946,NA,NA,0,573.4517946,45683.28237,8.652136812,"Added to GIS"
0,0,0,0,1,Inf,0,330,"BARGE","2016-04-26","Radiating","Spring",2,"AR-330_BARGE_2016-04-26_R_T2",16.903,16.903,16.903,18.9070118,18.67443071,18.7941267915238,0.23258109,0.0511970503159284,"SHIP","METAL","Artificial",2009,7,64,3775.935,"200 FT Deck Barge TBM IX",76.85133333,34.56326667,1,1,0,573.4517946,NA,NA,0,573.4517946,45683.28237,8.652136812,"Added to GIS"
0,0,0,0,1,Inf,0,330,"BARGE","2016-04-26","Radiating","Spring",3,"AR-330_BARGE_2016-04-26_R_T3",16.903,16.903,16.903,18.93409409,18.6653806,18.8569361561818,0.26871349,0.0449992116800884,"SHIP","METAL","Artificial",2009,7,64,3775.935,"200 FT Deck Barge TBM IX",76.85133333,34.56326667,1,1,0,573.4517946,NA,NA,0,573.4517946,45683.28237,8.652136812,"Added to GIS"
87,9.94327212427075,4,0.694912797295199,0.338221693750826,1.51108005589938,0.50127362325403,330,"BARGE","2016-04-26","Structural","Spring",0,"AR-330_BARGE_2016-04-26_S",16.903,16.903,16.903,16.723417,16.29071275,16.5850898423022,0.43270425,0.0744871453358554,"SHIP","METAL","Artificial",2009,7,64,3775.935,"200 FT Deck Barge TBM IX",76.85133333,34.56326667,1,1,0,573.4517946,NA,NA,0,573.4517946,45683.28237,8.652136812,"Added to GIS"
1563,191.630279560991,14,0.847398252447429,0.516596813140077,2.06866654416528,0.321098841975884,330,"INDRA","2015-09-08","Radiating","Fall",1,"AR-330_INDRA_2015-09-08_R_T1",27.583,27.665,27.567,18.615,15.3374,17.3097934693878,3.2776,0.975566817017355,"SHIP","METAL","Artificial",1992,24,63,13376.9415,"320 FT Landing Craft Repair Ship ""INDRA""",76.85191667,34.56176667,2,0,1,573.4517946,NA,NA,1,573.4517946,46204.48689,8.750849789,"Added to GIS"
757,62.1795297578377,2,0.0525121623659107,0.0183230404380776,1.01866504073423,0.0757590362316555,330,"INDRA","2015-09-08","Radiating","Fall",2,"AR-330_INDRA_2015-09-08_R_T2",27.5904647887324,27.665,27.567,18.629,18.2591,18.4327920187793,0.369900000000001,0.0763138917727899,"SHIP","METAL","Artificial",1992,24,63,13376.9415,"320 FT Landing Craft Repair Ship ""INDRA""",76.85191667,34.56176667,2,0,1,573.4517946,NA,NA,1,573.4517946,46204.48689,8.750849789,"Added to GIS"
6,6.22680653202711,3,0.867563228481461,0.5,2,0.789690082142847,330,"INDRA","2015-09-08","Radiating","Fall",3,"AR-330_INDRA_2015-09-08_R_T3",27.6607621621622,27.665,27.567,18.71069921,18.45001514,18.5834021382162,0.26068407,0.05318574191835,"SHIP","METAL","Artificial",1992,24,63,13376.9415,"320 FT Landing Craft Repair Ship ""INDRA""",76.85191667,34.56176667,2,0,1,573.4517946,NA,NA,1,573.4517946,46204.48689,8.750849789,"Added to GIS"
1618,590.852554055242,16,1.25773101365496,0.631087839066375,2.71067236566354,0.453630574043064,330,"INDRA","2015-09-08","Structural","Fall",0,"AR-330_INDRA_2015-09-08_S",27.6182947658402,27.665,27.567,15.04880596,12.28511937,14.4316006287603,2.76368659,0.894061534965031,"SHIP","METAL","Artificial",1992,24,63,13376.9415,"320 FT Landing Craft Repair Ship ""INDRA""",76.85191667,34.56176667,2,0,1,573.4517946,NA,NA,1,573.4517946,46204.48689,8.750849789,"Added to GIS"
503,0.231927525024821,3,0.0402912763179981,0.0118730954234828,1.01201575968481,0.0366747001955028,330,"INDRA","2015-12-11","Radiating","Winter",1,"AR-330_INDRA_2015-12-11_R_T1",18.045,18.045,18.045,19.6738,18.8372,19.1623184466019,0.836600000000001,0.225160781224184,"SHIP","METAL","Artificial",1992,24,63,13376.9415,"320 FT Landing Craft Repair Ship ""INDRA""",76.85191667,34.56176667,2,0,1,573.4517946,NA,NA,1,573.4517946,46204.48689,8.750849789,"Added to GIS"
501,36.3769409441506,2,0.0144024100447533,0.00398404787231943,1.00399998400006,0.020778285548415,330,"INDRA","2015-12-11","Radiating","Winter",2,"AR-330_INDRA_2015-12-11_R_T2",18.045,18.045,18.045,19.24132159,18.87931709,19.0624395647619,0.362004499999998,0.0819705982411943,"SHIP","METAL","Artificial",1992,24,63,13376.9415,"320 FT Landing Craft Repair Ship ""INDRA""",76.85191667,34.56176667,2,0,1,573.4517946,NA,NA,1,573.4517946,46204.48689,8.750849789,"Added to GIS"
4,0.104552700012428,2,0.562335144618808,0.375,1.6,0.811278124459133,330,"INDRA","2015-12-11","Radiating","Winter",3,"AR-330_INDRA_2015-12-11_R_T3",18.045,18.045,18.045,19.33270731,18.92150558,19.1829257308696,0.411201729999998,0.0765915369237193,"SHIP","METAL","Artificial",1992,24,63,13376.9415,"320 FT Landing Craft Repair Ship ""INDRA""",76.85191667,34.56176667,2,0,1,573.4517946,NA,NA,1,573.4517946,46204.48689,8.750849789,"Added to GIS"
645,14.6059654530851,10,1.31945486221162,0.662599603389219,2.96383765414948,0.573031965778921,330,"INDRA","2015-12-11","Structural","Winter",0,"AR-330_INDRA_2015-12-11_S",18.045,18.045,18.045,16.9557259,15.19612546,15.9617007684615,1.75960044,0.21877656203064,"SHIP","METAL","Artificial",1992,24,63,13376.9415,"320 FT Landing Craft Repair Ship ""INDRA""",76.85191667,34.56176667,2,0,1,573.4517946,NA,NA,1,573.4517946,46204.48689,8.750849789,"Added to GIS"
5,1.10105094798042,2,0.673011667009257,0.48,1.92307692307692,0.970950594454669,330,"INDRA","2016-04-26","Radiating","Spring",1,"AR-330_INDRA_2016-04-26_R_T1",16.903,16.903,16.903,19.39007005,18.55358109,18.829701579902,0.836488959999997,0.248076052236394,"SHIP","METAL","Artificial",1992,24,63,13376.9415,"320 FT Landing Craft Repair Ship ""INDRA""",76.85191667,34.56176667,2,0,1,573.4517946,NA,NA,1,573.4517946,46204.48689,8.750849789,"Added to GIS"
0,0,0,0,1,Inf,0,330,"INDRA","2016-04-26","Radiating","Spring",2,"AR-330_INDRA_2016-04-26_R_T2",16.903,16.903,16.903,18.9070118,18.5324188,18.6572064871579,0.374593000000001,0.0838729518015474,"SHIP","METAL","Artificial",1992,24,63,13376.9415,"320 FT Landing Craft Repair Ship ""INDRA""",76.85191667,34.56176667,2,0,1,573.4517946,NA,NA,1,573.4517946,46204.48689,8.750849789,"Added to GIS"
3,0.57486523634541,3,1.09861228866811,0.666666666666667,3,1,330,"INDRA","2016-04-26","Radiating","Spring",3,"AR-330_INDRA_2016-04-26_R_T3",16.903,16.903,16.903,18.96736856,18.77105597,18.8672702064646,0.196312590000002,0.0434807892286045,"SHIP","METAL","Artificial",1992,24,63,13376.9415,"320 FT Landing Craft Repair Ship ""INDRA""",76.85191667,34.56176667,2,0,1,573.4517946,NA,NA,1,573.4517946,46204.48689,8.750849789,"Added to GIS"
68,5.3021301663418,6,1.13749027414595,0.609861591695502,2.56319290465632,0.634845409599547,330,"INDRA","2016-04-26","Structural","Spring",0,"AR-330_INDRA_2016-04-26_S",16.903,16.903,16.903,17.11039436,12.03382565,15.0252668092442,5.07656871,0.889413532159449,"SHIP","METAL","Artificial",1992,24,63,13376.9415,"320 FT Landing Craft Repair Ship ""INDRA""",76.85191667,34.56176667,2,0,1,573.4517946,NA,NA,1,573.4517946,46204.48689,8.750849789,"Added to GIS"
17,0.986380460278898,8,1.79309401341105,0.788927335640138,4.73770491803279,0.862295946998605,330,"PIPES","2015-09-08","Radiating","Fall",1,"AR-330_PIPES_2015-09-08_R_T1",27.665,27.665,27.665,19.0488,18.5558,18.7702705202312,0.492999999999999,0.117204406012237,"PIPES","CONCRETE","Artificial",1990,26,64,35841.317,"822 Tons Concrete Pipe",76.8544,34.55588333,3,2,24,831.4528983,NA,NA,24,831.4528983,47986.75493,9.088400554,"Added to GIS"
1,0.0403531778411635,1,0,0,1,NA,330,"PIPES","2015-09-08","Radiating","Fall",2,"AR-330_PIPES_2015-09-08_R_T2",27.665,27.665,27.665,18.8093,18.5381,18.6826127272727,0.2712,0.0453886511597557,"PIPES","CONCRETE","Artificial",1990,26,64,35841.317,"822 Tons Concrete Pipe",76.8544,34.55588333,3,2,24,831.4528983,NA,NA,24,831.4528983,47986.75493,9.088400554,"Added to GIS"
0,0,0,0,1,Inf,0,330,"PIPES","2015-09-08","Radiating","Fall",3,"AR-330_PIPES_2015-09-08_R_T3",27.665,27.665,27.665,18.848084,18.59093832,18.7072944040491,0.257145680000001,0.043495636652726,"PIPES","CONCRETE","Artificial",1990,26,64,35841.317,"822 Tons Concrete Pipe",76.8544,34.55588333,3,2,24,831.4528983,NA,NA,24,831.4528983,47986.75493,9.088400554,"Added to GIS"
87,13.4757242089097,9,1.28053766137989,0.600343506407716,2.50214876033058,0.582797805280485,330,"PIPES","2015-09-08","Structural","Fall",0,"AR-330_PIPES_2015-09-08_S",27.665,27.665,27.665,19.10162324,16.63189518,17.026846006215,2.46972806,0.552308389173492,"PIPES","CONCRETE","Artificial",1990,26,64,35841.317,"822 Tons Concrete Pipe",76.8544,34.55588333,3,2,24,831.4528983,NA,NA,24,831.4528983,47986.75493,9.088400554,"Added to GIS"
0,0,0,0,1,Inf,0,330,"PIPES","2016-01-15","Radiating","Winter",1,"AR-330_PIPES_2016-01-15_R_T1",13.846,13.846,13.846,18.95722971,18.69151025,18.8198500494521,0.26571946,0.0531665431515023,"PIPES","CONCRETE","Artificial",1990,26,64,35841.317,"822 Tons Concrete Pipe",76.8544,34.55588333,3,2,24,831.4528983,NA,NA,24,831.4528983,47986.75493,9.088400554,"Added to GIS"
1,0.18703523410816,1,0,0,1,NA,330,"PIPES","2016-01-15","Radiating","Winter",2,"AR-330_PIPES_2016-01-15_R_T2",13.846,13.846,13.846,18.8093,18.5828,18.7098833333333,0.226500000000001,0.0492788128863822,"PIPES","CONCRETE","Artificial",1990,26,64,35841.317,"822 Tons Concrete Pipe",76.8544,34.55588333,3,2,24,831.4528983,NA,NA,24,831.4528983,47986.75493,9.088400554,"Added to GIS"
1,0.22979207980628,1,0,0,1,NA,330,"PIPES","2016-01-15","Radiating","Winter",3,"AR-330_PIPES_2016-01-15_R_T3",13.846,13.846,13.846,18.9421,18.5769,18.7333335877863,0.365200000000002,0.0660579426432548,"PIPES","CONCRETE","Artificial",1990,26,64,35841.317,"822 Tons Concrete Pipe",76.8544,34.55588333,3,2,24,831.4528983,NA,NA,24,831.4528983,47986.75493,9.088400554,"Added to GIS"
146,124.197418007055,9,1.76024735813623,0.785794708200413,4.66841874726237,0.801123096970929,330,"PIPES","2016-01-15","Structural","Winter",0,"AR-330_PIPES_2016-01-15_S",13.846,13.846,13.846,19.2272,17.0136,18.3439346320346,2.2136,0.510625936444009,"PIPES","CONCRETE","Artificial",1990,26,64,35841.317,"822 Tons Concrete Pipe",76.8544,34.55588333,3,2,24,831.4528983,NA,NA,24,831.4528983,47986.75493,9.088400554,"Added to GIS"
124,1.02896374396611,7,0.773133405933577,0.338969823100937,1.51279024006297,0.397311975739945,345,"RB1","2015-10-15","Radiating","Fall",1,"AR-345_RB1_2015-10-15_R_T1",23.966,23.966,23.966,19.4056,19.091,19.2551234482759,0.314599999999999,0.078110039913247,"REEF_BALLS","CONCRETE","Artificial",2000,16,65,14375.0054,"75 Reef Balls",76.97246667,34.53895,5,3,27,205.5297521,NA,NA,27,205.5297521,47133.59483,8.926817203,"Added to GIS"
3,10.2857856608077,2,0.636514168294813,0.444444444444444,1.8,0.918295834054489,345,"RB1","2015-10-15","Radiating","Fall",3,"AR-345_RB1_2015-10-15_R_T3",23.966,23.966,23.966,19.2816,19.0458,19.1494970588235,0.235800000000001,0.0464611391048428,"REEF_BALLS","CONCRETE","Artificial",2000,16,65,14375.0054,"75 Reef Balls",76.97246667,34.53895,5,3,27,205.5297521,NA,NA,27,205.5297521,47133.59483,8.926817203,"Added to GIS"
188,16.1139674051327,10,1.96056284090754,0.836407876867361,6.11276374956762,0.851461623230707,345,"RB1","2015-10-15","Structural","Fall",0,"AR-345_RB1_2015-10-15_S",23.9710337078652,24.062,23.966,19.49989623,18.48220088,19.1139709018727,1.01769535,0.308637451097345,"REEF_BALLS","CONCRETE","Artificial",2000,16,65,14375.0054,"75 Reef Balls",76.97246667,34.53895,5,3,27,205.5297521,NA,NA,27,205.5297521,47133.59483,8.926817203,"Added to GIS"
23,4.12250891820731,2,0.52358633748126,0.340264650283554,1.51575931232092,0.755375412561429,345,"RB1","2016-01-27","Structural","Winter",0,NA,NA,NA,NA,NA,NA,NA,NA,NA,"REEF_BALLS","CONCRETE","Artificial",2000,16,65,14375.0054,"75 Reef Balls",76.97246667,34.53895,5,3,27,205.5297521,NA,NA,27,205.5297521,47133.59483,8.926817203,"Added to GIS"
2,0.270673669478822,1,0,0,1,NA,345,"RB1","2016-04-21","Radiating","Spring",1,"AR-345_RB1_2016-04-21_R_T1",16.523,16.523,16.523,18.7861,18.4146,18.5688831460674,0.371500000000001,0.0810339774919855,"REEF_BALLS","CONCRETE","Artificial",2000,16,65,14375.0054,"75 Reef Balls",76.97246667,34.53895,5,3,27,205.5297521,NA,NA,27,205.5297521,47133.59483,8.926817203,"Added to GIS"
1,0.122185900010205,1,0,0,1,NA,345,"RB1","2016-04-21","Radiating","Spring",2,"AR-345_RB1_2016-04-21_R_T2",16.523,16.523,16.523,18.8434,18.4539,18.6147589285714,0.389499999999998,0.0752756215440412,"REEF_BALLS","CONCRETE","Artificial",2000,16,65,14375.0054,"75 Reef Balls",76.97246667,34.53895,5,3,27,205.5297521,NA,NA,27,205.5297521,47133.59483,8.926817203,"Added to GIS"
7,9.61548080195947,2,0.598269588585257,0.408163265306122,1.68965517241379,0.863120568566631,345,"RB1","2016-04-21","Radiating","Spring",3,"AR-345_RB1_2016-04-21_R_T3",16.523,16.523,16.523,18.9431,18.469,18.6899171171171,0.4741,0.106152947009898,"REEF_BALLS","CONCRETE","Artificial",2000,16,65,14375.0054,"75 Reef Balls",76.97246667,34.53895,5,3,27,205.5297521,NA,NA,27,205.5297521,47133.59483,8.926817203,"Added to GIS"
91,37.6017226450506,9,1.32001386973497,0.61876584953508,2.62305986696231,0.600764201962129,345,"RB1","2016-04-21","Structural","Spring",0,"AR-345_RB1_2016-04-21_S",16.523,16.523,16.523,18.9114,17.8533,18.4587957345972,1.0581,0.320271916956894,"REEF_BALLS","CONCRETE","Artificial",2000,16,65,14375.0054,"75 Reef Balls",76.97246667,34.53895,5,3,27,205.5297521,NA,NA,27,205.5297521,47133.59483,8.926817203,"Added to GIS"
38,7.93567667329495,6,1.43281694258418,0.713296398891967,3.48792270531401,0.799670361558897,345,"RB2","2015-10-15","Radiating","Fall",1,"AR-345_RB2_2015-10-15_R_T1",23.966,23.966,23.966,18.4649,18.2078,18.3047194029851,0.257100000000001,0.0480588227879254,"REEF_BALLS","CONCRETE","Artificial",2000,16,62,5281.9022,"50 Ultra Reef Balls and 1 Reef Ball",76.97675,34.53995,4,4,25,597.7748408,NA,NA,25,597.7748408,46308.73931,8.770594566,"Added to GIS"
1,0.00128448742526597,1,0,0,1,NA,345,"RB2","2015-10-15","Radiating","Fall",2,"AR-345_RB2_2015-10-15_R_T2",23.966,23.966,23.966,18.4257,18.1896,18.3153651006711,0.2361,0.0457041262052535,"REEF_BALLS","CONCRETE","Artificial",2000,16,62,5281.9022,"50 Ultra Reef Balls and 1 Reef Ball",76.97675,34.53995,4,4,25,597.7748408,NA,NA,25,597.7748408,46308.73931,8.770594566,"Added to GIS"
123,22.4676650910264,10,1.7153976645971,0.735408817502809,3.77941543842118,0.744987740004246,345,"RB2","2015-10-15","Structural","Fall",0,"AR-345_RB2_2015-10-15_S",23.966,23.966,23.966,18.69695392,17.49648713,18.1219818469565,1.20046679,0.32634241723369,"REEF_BALLS","CONCRETE","Artificial",2000,16,62,5281.9022,"50 Ultra Reef Balls and 1 Reef Ball",76.97675,34.53995,4,4,25,597.7748408,NA,NA,25,597.7748408,46308.73931,8.770594566,"Added to GIS"
10,0.635082321350273,2,0.693147180559945,0.5,2,1,345,"RB2","2016-04-21","Radiating","Spring",1,"AR-345_RB2_2016-04-21_R_T1",16.523,16.523,16.523,17.8888,17.5232,17.708468627451,0.365600000000001,0.078492858955502,"REEF_BALLS","CONCRETE","Artificial",2000,16,62,5281.9022,"50 Ultra Reef Balls and 1 Reef Ball",76.97675,34.53995,4,4,25,597.7748408,NA,NA,25,597.7748408,46308.73931,8.770594566,"Added to GIS"
0,0,0,0,1,Inf,0,345,"RB2","2016-04-21","Radiating","Spring",2,"AR-345_RB2_2016-04-21_R_T2",16.523,16.523,16.523,17.8526,17.5866,17.7087628571429,0.265999999999998,0.057634223368557,"REEF_BALLS","CONCRETE","Artificial",2000,16,62,5281.9022,"50 Ultra Reef Balls and 1 Reef Ball",76.97675,34.53995,4,4,25,597.7748408,NA,NA,25,597.7748408,46308.73931,8.770594566,"Added to GIS"
0,0,0,0,1,Inf,0,345,"RB2","2016-04-21","Radiating","Spring",3,"AR-345_RB2_2016-04-21_R_T3",16.523,16.523,16.523,17.8194,17.5897,17.6960598290598,0.229700000000001,0.0503315457051935,"REEF_BALLS","CONCRETE","Artificial",2000,16,62,5281.9022,"50 Ultra Reef Balls and 1 Reef Ball",76.97675,34.53995,4,4,25,597.7748408,NA,NA,25,597.7748408,46308.73931,8.770594566,"Added to GIS"
110,20.9379699942562,8,1.2565629377589,0.635537190082645,2.7437641723356,0.604279039623212,345,"RB2","2016-04-21","Structural","Spring",0,"AR-345_RB2_2016-04-21_S",16.523,16.523,16.523,17.7936,16.6824,17.3562983240223,1.1112,0.316669001770885,"REEF_BALLS","CONCRETE","Artificial",2000,16,62,5281.9022,"50 Ultra Reef Balls and 1 Reef Ball",76.97675,34.53995,4,4,25,597.7748408,NA,NA,25,597.7748408,46308.73931,8.770594566,"Added to GIS"
2339,27.0246294818345,11,0.49623211068448,0.252358240961622,1.33753898563158,0.20694486382025,345,"TITAN","2015-10-15","Radiating","Fall",1,"AR-345_TITAN_2015-10-15_R_T1",23.966,23.966,23.966,19.3814,19.1788,19.2845798076923,0.2026,0.0462245141112052,"SHIP","METAL","Artificial",2004,12,64,2631.2028,"116 FT Tug Boat ""TITAN""",76.9749,34.5357,6,5,26,328.011708,NA,NA,26,328.011708,47951.97908,9.08181422,"Added to GIS"
260,11.9438549836715,5,0.675018981071213,0.370502958579882,1.58856981717347,0.419412874430378,345,"TITAN","2015-10-15","Radiating","Fall",2,"AR-345_TITAN_2015-10-15_R_T2",23.966,23.966,23.966,19.55065851,19.09407013,19.3222912387963,0.456588380000003,0.0839520952633486,"SHIP","METAL","Artificial",2004,12,64,2631.2028,"116 FT Tug Boat ""TITAN""",76.9749,34.5357,6,5,26,328.011708,NA,NA,26,328.011708,47951.97908,9.08181422,"Added to GIS"
855,258.692978132962,13,1.25519230323289,0.593312130228104,2.458888190004,0.489363386291227,345,"TITAN","2015-10-15","Structural","Fall",0,"AR-345_TITAN_2015-10-15_S",23.966,23.966,23.966,18.38714067,15.91850136,17.538480685516,2.46863931,0.565536243975964,"SHIP","METAL","Artificial",2004,12,64,2631.2028,"116 FT Tug Boat ""TITAN""",76.9749,34.5357,6,5,26,328.011708,NA,NA,26,328.011708,47951.97908,9.08181422,"Added to GIS"
11,0.524031151780288,2,0.474139313057837,0.297520661157025,1.42352941176471,0.684038435639042,345,"TITAN","2016-01-27","Radiating","Winter",1,NA,NA,NA,NA,NA,NA,NA,NA,NA,"SHIP","METAL","Artificial",2004,12,64,2631.2028,"116 FT Tug Boat ""TITAN""",76.9749,34.5357,6,5,26,328.011708,NA,NA,26,328.011708,47951.97908,9.08181422,"Added to GIS"
0,0,0,0,1,Inf,0,345,"TITAN","2016-01-27","Radiating","Winter",2,NA,NA,NA,NA,NA,NA,NA,NA,NA,"SHIP","METAL","Artificial",2004,12,64,2631.2028,"116 FT Tug Boat ""TITAN""",76.9749,34.5357,6,5,26,328.011708,NA,NA,26,328.011708,47951.97908,9.08181422,"Added to GIS"
155,24.8048636109767,5,0.691807629420561,0.354797086368366,1.5499000064512,0.429844248153865,345,"TITAN","2016-01-27","Structural","Winter",0,"AR-345_TITAN_2016-01-27_S",12.787,12.787,12.787,19.50445531,15.21055121,16.3317907772269,4.2939041,1.06682477895881,"SHIP","METAL","Artificial",2004,12,64,2631.2028,"116 FT Tug Boat ""TITAN""",76.9749,34.5357,6,5,26,328.011708,NA,NA,26,328.011708,47951.97908,9.08181422,"Added to GIS"
188,40.2484292418533,7,1.20502716891994,0.624151199637845,2.66064438422162,0.619261464618471,345,"TITAN","2016-04-21","Radiating","Spring",1,"AR-345_TITAN_2016-04-21_R_T1",16.523,16.523,16.523,19.0941,18.7136,18.8591983333333,0.380500000000001,0.0874467616990626,"SHIP","METAL","Artificial",2004,12,64,2631.2028,"116 FT Tug Boat ""TITAN""",76.9749,34.5357,6,5,26,328.011708,NA,NA,26,328.011708,47951.97908,9.08181422,"Added to GIS"
6,0.475607792474742,2,0.450561208866305,0.277777777777778,1.38461538461538,0.650022421648354,345,"TITAN","2016-04-21","Radiating","Spring",2,"AR-345_TITAN_2016-04-21_R_T2",16.5266893203883,16.618,16.523,19.0669,18.7377,18.8941941747573,0.3292,0.0731430291335539,"SHIP","METAL","Artificial",2004,12,64,2631.2028,"116 FT Tug Boat ""TITAN""",76.9749,34.5357,6,5,26,328.011708,NA,NA,26,328.011708,47951.97908,9.08181422,"Added to GIS"
2,0.953166278586591,2,0.693147180559945,0.5,2,1,345,"TITAN","2016-04-21","Radiating","Spring",3,"AR-345_TITAN_2016-04-21_R_T3",16.5270598290598,16.618,16.523,19.1243,18.5143,18.8422837606838,0.610000000000003,0.100001396505133,"SHIP","METAL","Artificial",2004,12,64,2631.2028,"116 FT Tug Boat ""TITAN""",76.9749,34.5357,6,5,26,328.011708,NA,NA,26,328.011708,47951.97908,9.08181422,"Added to GIS"
170,15.9548249462459,12,1.46492302515473,0.63038062283737,2.7054858640704,0.589528393462873,345,"TITAN","2016-04-21","Structural","Spring",0,"AR-345_TITAN_2016-04-21_S",16.618,16.618,16.618,18.919,16.9432,17.986417961165,1.9758,0.474218311069777,"SHIP","METAL","Artificial",2004,12,64,2631.2028,"116 FT Tug Boat ""TITAN""",76.9749,34.5357,6,5,26,328.011708,NA,NA,26,328.011708,47951.97908,9.08181422,"Added to GIS"
11,1.61228135110636,4,1.3421131789144,0.727272727272727,3.66666666666667,0.968130013765764,364,"BARGE","2015-09-21","Radiating","Fall",1,NA,NA,NA,NA,NA,NA,NA,NA,NA,"SHIP","METAL","Artificial",1997,19,53,16877.308,"297 FT HT-290 Barge",77.7148,34.24656667,8,16,28,241.8457581,NA,NA,28,241.8457581,11862.59336,2.246703287,"Added to GIS"
2,0.237906538553289,1,0,0,1,NA,364,"BARGE","2015-09-21","Radiating","Fall",2,NA,NA,NA,NA,NA,NA,NA,NA,NA,"SHIP","METAL","Artificial",1997,19,53,16877.308,"297 FT HT-290 Barge",77.7148,34.24656667,8,16,28,241.8457581,NA,NA,28,241.8457581,11862.59336,2.246703287,"Added to GIS"
1,0.148815420323723,1,0,0,1,NA,364,"BARGE","2015-09-21","Radiating","Fall",3,NA,NA,NA,NA,NA,NA,NA,NA,NA,"SHIP","METAL","Artificial",1997,19,53,16877.308,"297 FT HT-290 Barge",77.7148,34.24656667,8,16,28,241.8457581,NA,NA,28,241.8457581,11862.59336,2.246703287,"Added to GIS"
127,11.7656935429793,14,1.97825920917085,0.81492962985926,5.40335008375209,0.749608273746466,364,"BARGE","2015-09-21","Structural","Fall",0,NA,NA,NA,NA,NA,NA,NA,NA,NA,"SHIP","METAL","Artificial",1997,19,53,16877.308,"297 FT HT-290 Barge",77.7148,34.24656667,8,16,28,241.8457581,NA,NA,28,241.8457581,11862.59336,2.246703287,"Added to GIS"
710,35.3557269580963,5,0.672866301226711,0.42458639158897,1.73788034447333,0.418075339240066,364,"BARGE","2015-12-10","Radiating","Winter",1,"AR-364_BARGE_2015-12-10_R_T1",16.141,16.141,16.141,14.62202171,13.07690214,13.6813633743396,1.54511957,0.440987843813024,"SHIP","METAL","Artificial",1997,19,53,16877.308,"297 FT HT-290 Barge",77.7148,34.24656667,8,16,28,241.8457581,NA,NA,28,241.8457581,11862.59336,2.246703287,"Added to GIS"
0,0,0,0,1,Inf,0,364,"BARGE","2015-12-10","Radiating","Winter",2,"AR-364_BARGE_2015-12-10_R_T2",16.141,16.141,16.141,13.2527329,12.74953303,12.989375887006,0.50319987,0.113919158427891,"SHIP","METAL","Artificial",1997,19,53,16877.308,"297 FT HT-290 Barge",77.7148,34.24656667,8,16,28,241.8457581,NA,NA,28,241.8457581,11862.59336,2.246703287,"Added to GIS"
0,0,0,0,1,Inf,0,364,"BARGE","2015-12-10","Radiating","Winter",3,"AR-364_BARGE_2015-12-10_R_T3",16.141,16.141,16.141,13.25878899,12.71312845,12.9708414115263,0.54566054,0.112065615367806,"SHIP","METAL","Artificial",1997,19,53,16877.308,"297 FT HT-290 Barge",77.7148,34.24656667,8,16,28,241.8457581,NA,NA,28,241.8457581,11862.59336,2.246703287,"Added to GIS"
1055,40.6356635378093,14,0.308361912738075,0.101050740100177,1.11240983735994,0.116845477086711,364,"BARGE","2015-12-10","Structural","Winter",0,"AR-364_BARGE_2015-12-10_S",16.141,16.141,16.141,15.39944679,14.13943978,14.8101176131818,1.26000701,0.249114293890465,"SHIP","METAL","Artificial",1997,19,53,16877.308,"297 FT HT-290 Barge",77.7148,34.24656667,8,16,28,241.8457581,NA,NA,28,241.8457581,11862.59336,2.246703287,"Added to GIS"
0,0,0,0,1,Inf,0,364,"BARGE","2016-03-09","Radiating","Spring",1,"AR-364_BARGE_2016-03-09_R_T1",12.9528037383178,12.98,12.883,14.5466,13.0606,13.6621981308411,1.486,0.395866511230054,"SHIP","METAL","Artificial",1997,19,53,16877.308,"297 FT HT-290 Barge",77.7148,34.24656667,8,16,28,241.8457581,NA,NA,28,241.8457581,11862.59336,2.246703287,"Added to GIS"
0,0,0,0,1,Inf,0,364,"BARGE","2016-03-09","Radiating","Spring",2,"AR-364_BARGE_2016-03-09_R_T2",12.98,12.98,12.98,13.1757,12.9062,13.0247240740741,0.269500000000001,0.0654806197630659,"SHIP","METAL","Artificial",1997,19,53,16877.308,"297 FT HT-290 Barge",77.7148,34.24656667,8,16,28,241.8457581,NA,NA,28,241.8457581,11862.59336,2.246703287,"Added to GIS"
0,0,0,0,1,Inf,0,364,"BARGE","2016-03-09","Radiating","Spring",3,"AR-364_BARGE_2016-03-09_R_T3",12.98,12.98,12.98,13.1182,12.8849,13.0130159292035,0.2333,0.0437908514711279,"SHIP","METAL","Artificial",1997,19,53,16877.308,"297 FT HT-290 Barge",77.7148,34.24656667,8,16,28,241.8457581,NA,NA,28,241.8457581,11862.59336,2.246703287,"Added to GIS"
15,0.946468582959597,4,1.17105986999037,0.648888888888889,2.84810126582278,0.844741133509591,364,"BARGE","2016-03-09","Structural","Spring",0,"AR-364_BARGE_2016-03-09_S",12.98,12.98,12.98,15.7075,14.6454,15.333622875817,1.0621,0.248176371785728,"SHIP","METAL","Artificial",1997,19,53,16877.308,"297 FT HT-290 Barge",77.7148,34.24656667,8,16,28,241.8457581,NA,NA,28,241.8457581,11862.59336,2.246703287,"Added to GIS"
1215,59.7168538218018,7,0.62320065981975,0.30741248793375,1.4438608588489,0.320261786045104,364,"PIPES","2015-12-10","Radiating","Winter",1,"AR-364_PIPES_2015-12-10_R_T1",16.1363278688525,16.141,16.046,13.5103,12.8981,13.2687598360656,0.612200000000001,0.120394910561988,"PIPES","CONCRETE","Artificial",NA,NA,NA,NA,"",77.71663333,34.24436667,9,20,19,177.1521322,NA,NA,19,177.1521322,11885.61695,2.251063817,"Added to GIS"
53,0.578780453981997,3,0.253547675202552,0.108223567105732,1.12135728542914,0.230789039789404,364,"PIPES","2015-12-10","Radiating","Winter",2,"AR-364_PIPES_2015-12-10_R_T2",16.141,16.141,16.141,13.9618,13.1254,13.4636916167665,0.836399999999999,0.145413516885995,"PIPES","CONCRETE","Artificial",NA,NA,NA,NA,"",77.71663333,34.24436667,9,20,19,177.1521322,NA,NA,19,177.1521322,11885.61695,2.251063817,"Added to GIS"
20,0,1,0,0,1,NA,364,"PIPES","2015-12-10","Radiating","Winter",3,"AR-364_PIPES_2015-12-10_R_T3",16.141,16.141,16.141,13.61330843,13.22544647,13.4212224980328,0.38786196,0.0832825851276884,"PIPES","CONCRETE","Artificial",NA,NA,NA,NA,"",77.71663333,34.24436667,9,20,19,177.1521322,NA,NA,19,177.1521322,11885.61695,2.251063817,"Added to GIS"
243,4.10937916326753,8,0.677537069059289,0.309268573557554,1.44774070169417,0.32582645651676,364,"PIPES","2015-12-10","Structural","Winter",0,"AR-364_PIPES_2015-12-10_S",16.0926257668712,16.141,16.046,13.66713278,12.79723325,13.246539461227,0.86989953,0.179253958885389,"PIPES","CONCRETE","Artificial",NA,NA,NA,NA,"",77.71663333,34.24436667,9,20,19,177.1521322,NA,NA,19,177.1521322,11885.61695,2.251063817,"Added to GIS"
40,2.58897015938991,1,0,0,1,NA,364,"PODS","2015-09-21","Radiating","Fall",1,NA,NA,NA,NA,NA,NA,NA,NA,NA,"ATLANTIC_PODS","CONCRETE","Artificial",2015,1,46,NA,"",77.7168,34.2439,10,19,20,177.1521322,NA,NA,20,177.1521322,11943.63515,2.262052111,"NOT in GIS"
2,0.0118303304954952,2,0.693147180559945,0.5,2,1,364,"PODS","2015-09-21","Radiating","Fall",3,NA,NA,NA,NA,NA,NA,NA,NA,NA,"ATLANTIC_PODS","CONCRETE","Artificial",2015,1,46,NA,"",77.7168,34.2439,10,19,20,177.1521322,NA,NA,20,177.1521322,11943.63515,2.262052111,"NOT in GIS"
86,6.17061488625439,11,1.71247494833603,0.744456462952948,3.91322751322751,0.714157522958688,364,"PODS","2015-09-21","Structural","Fall",0,"AR-364_PODS_2015-09-21_S",26.292,26.292,26.292,13.9084918,12.7148296,13.4214121877003,1.1936622,0.319720185561996,"ATLANTIC_PODS","CONCRETE","Artificial",2015,1,46,NA,"",77.7168,34.2439,10,19,20,177.1521322,NA,NA,20,177.1521322,11943.63515,2.262052111,"NOT in GIS"
63,12.0789747031987,5,1.0964474090128,0.608213655832703,2.5524115755627,0.681261079127025,364,"PODS","2015-12-10","Structural","Winter",0,"AR-364_PODS_2015-12-10_S",16.141,16.141,16.141,13.54090753,12.34676901,13.0513064871341,1.19413852,0.266423214469071,"ATLANTIC_PODS","CONCRETE","Artificial",2015,1,46,NA,"",77.7168,34.2439,10,19,20,177.1521322,NA,NA,20,177.1521322,11943.63515,2.262052111,"NOT in GIS"
9,1.86393084114431,3,0.936888307539016,0.567901234567901,2.31428571428571,0.85279248849004,364,"PODS","2016-03-15","Radiating","Spring",1,NA,NA,NA,NA,NA,NA,NA,NA,NA,"ATLANTIC_PODS","CONCRETE","Artificial",2015,1,46,NA,"",77.7168,34.2439,10,19,20,177.1521322,NA,NA,20,177.1521322,11943.63515,2.262052111,"NOT in GIS"
0,0,0,0,1,Inf,0,364,"PODS","2016-03-15","Radiating","Spring",2,NA,NA,NA,NA,NA,NA,NA,NA,NA,"ATLANTIC_PODS","CONCRETE","Artificial",2015,1,46,NA,"",77.7168,34.2439,10,19,20,177.1521322,NA,NA,20,177.1521322,11943.63515,2.262052111,"NOT in GIS"
0,0,0,0,1,Inf,0,364,"PODS","2016-03-15","Radiating","Spring",3,NA,NA,NA,NA,NA,NA,NA,NA,NA,"ATLANTIC_PODS","CONCRETE","Artificial",2015,1,46,NA,"",77.7168,34.2439,10,19,20,177.1521322,NA,NA,20,177.1521322,11943.63515,2.262052111,"NOT in GIS"
30,19.9174841524137,3,0.853236150555778,0.524444444444444,2.10280373831776,0.776649013811952,364,"PODS","2016-03-15","Structural","Spring",0,NA,NA,NA,NA,NA,NA,NA,NA,NA,"ATLANTIC_PODS","CONCRETE","Artificial",2015,1,46,NA,"",77.7168,34.2439,10,19,20,177.1521322,NA,NA,20,177.1521322,11943.63515,2.262052111,"NOT in GIS"
189,9.48263159346161,5,0.671519305008399,0.332913412278492,1.49905577237819,0.417238403432909,364,"PODS","2016-05-11","Structural","Spring",0,NA,NA,NA,NA,NA,NA,NA,NA,NA,"ATLANTIC_PODS","CONCRETE","Artificial",2015,1,46,NA,"",77.7168,34.2439,10,19,20,177.1521322,NA,NA,20,177.1521322,11943.63515,2.262052111,"NOT in GIS"
3,0.0275097162069244,3,1.09861228866811,0.666666666666667,3,1,364,"TUGBOAT","2015-09-21","Radiating","Fall",1,NA,NA,NA,NA,NA,NA,NA,NA,NA,"SHIP","METAL","Artificial",1994,22,48,1177.1947,"65 FT Tug ""CAPTAIN JERRY""",77.7138,34.24755,7,17,16,468.4185554,NA,NA,16,468.4185554,11867.00152,2.247538166,"Added to GIS"
6,0.037876860368102,4,1.242453324894,0.666666666666667,3,0.896240625180289,364,"TUGBOAT","2015-09-21","Radiating","Fall",2,NA,NA,NA,NA,NA,NA,NA,NA,NA,"SHIP","METAL","Artificial",1994,22,48,1177.1947,"65 FT Tug ""CAPTAIN JERRY""",77.7138,34.24755,7,17,16,468.4185554,NA,NA,16,468.4185554,11867.00152,2.247538166,"Added to GIS"
0,0,0,0,1,Inf,0,364,"TUGBOAT","2015-09-21","Radiating","Fall",3,NA,NA,NA,NA,NA,NA,NA,NA,NA,"SHIP","METAL","Artificial",1994,22,48,1177.1947,"65 FT Tug ""CAPTAIN JERRY""",77.7138,34.24755,7,17,16,468.4185554,NA,NA,16,468.4185554,11867.00152,2.247538166,"Added to GIS"
234,5.9643760987958,15,1.17988671681519,0.455694353130251,1.83720305999195,0.435696028210614,364,"TUGBOAT","2015-09-21","Structural","Fall",0,"AR-364_TUGBOAT_2015-09-21_S",26.3891301775148,26.39,26.292,16.36345388,14.95326944,15.8349411205325,1.41018444,0.321099440440929,"SHIP","METAL","Artificial",1994,22,48,1177.1947,"65 FT Tug ""CAPTAIN JERRY""",77.7138,34.24755,7,17,16,468.4185554,NA,NA,16,468.4185554,11867.00152,2.247538166,"Added to GIS"
353,8.02428884326344,4,0.647577001903578,0.418139941737756,1.71862630163437,0.467128064620018,364,"TUGBOAT","2015-12-10","Radiating","Winter",1,"AR-364_TUGBOAT_2015-12-10_R_T1",16.141,16.141,16.141,13.6406629,13.1861159,13.4031899436134,0.454547,0.109126093924943,"SHIP","METAL","Artificial",1994,22,48,1177.1947,"65 FT Tug ""CAPTAIN JERRY""",77.7138,34.24755,7,17,16,468.4185554,NA,NA,16,468.4185554,11867.00152,2.247538166,"Added to GIS"
0,0,0,0,1,Inf,0,364,"TUGBOAT","2015-12-10","Radiating","Winter",2,"AR-364_TUGBOAT_2015-12-10_R_T2",16.141,16.141,16.141,13.52852316,13.16488556,13.3500134149074,0.363637600000001,0.0732082677333498,"SHIP","METAL","Artificial",1994,22,48,1177.1947,"65 FT Tug ""CAPTAIN JERRY""",77.7138,34.24755,7,17,16,468.4185554,NA,NA,16,468.4185554,11867.00152,2.247538166,"Added to GIS"
0,0,0,0,1,Inf,0,364,"TUGBOAT","2015-12-10","Radiating","Winter",3,"AR-364_TUGBOAT_2015-12-10_R_T3",16.1417868852459,16.237,16.141,13.59207809,12.94958815,13.3273809856557,0.642489939999999,0.102398675860021,"SHIP","METAL","Artificial",1994,22,48,1177.1947,"65 FT Tug ""CAPTAIN JERRY""",77.7138,34.24755,7,17,16,468.4185554,NA,NA,16,468.4185554,11867.00152,2.247538166,"Added to GIS"
1543,104.40709472002,10,0.795406205922989,0.474824736890076,1.9041262417394,0.345440526103956,364,"TUGBOAT","2015-12-10","Structural","Winter",0,"AR-364_TUGBOAT_2015-12-10_S",16.141,16.141,16.141,13.88943893,11.05709396,12.0804390249801,2.83234497,0.591726301605787,"SHIP","METAL","Artificial",1994,22,48,1177.1947,"65 FT Tug ""CAPTAIN JERRY""",77.7138,34.24755,7,17,16,468.4185554,NA,NA,16,468.4185554,11867.00152,2.247538166,"Added to GIS"
0,0,0,0,1,Inf,0,364,"TUGBOAT","2016-03-09","Radiating","Spring",1,"AR-364_TUGBOAT_2016-03-09_R_T1",12.883,12.883,12.883,12.8678,12.4805,12.6615712871287,0.387300000000002,0.0854893342313925,"SHIP","METAL","Artificial",1994,22,48,1177.1947,"65 FT Tug ""CAPTAIN JERRY""",77.7138,34.24755,7,17,16,468.4185554,NA,NA,16,468.4185554,11867.00152,2.247538166,"Added to GIS"
0,0,0,0,1,Inf,0,364,"TUGBOAT","2016-03-09","Radiating","Spring",2,"AR-364_TUGBOAT_2016-03-09_R_T2",12.883,12.883,12.883,12.8044,12.2939,12.6094406779661,0.510499999999999,0.101326094745922,"SHIP","METAL","Artificial",1994,22,48,1177.1947,"65 FT Tug ""CAPTAIN JERRY""",77.7138,34.24755,7,17,16,468.4185554,NA,NA,16,468.4185554,11867.00152,2.247538166,"Added to GIS"
0,0,0,0,1,Inf,0,364,"TUGBOAT","2016-03-09","Radiating","Spring",3,"AR-364_TUGBOAT_2016-03-09_R_T3",12.883,12.883,12.883,12.7164,12.4805,12.6214745098039,0.235900000000001,0.0490355694021086,"SHIP","METAL","Artificial",1994,22,48,1177.1947,"65 FT Tug ""CAPTAIN JERRY""",77.7138,34.24755,7,17,16,468.4185554,NA,NA,16,468.4185554,11867.00152,2.247538166,"Added to GIS"
65,1.89384993797267,5,1.3395068812829,0.702958579881657,3.36653386454183,0.832282420424061,364,"TUGBOAT","2016-03-09","Structural","Spring",0,"AR-364_TUGBOAT_2016-03-09_S",12.98,12.98,12.98,13.4878,10.9773,12.5270680722892,2.5105,0.765565520346979,"SHIP","METAL","Artificial",1994,22,48,1177.1947,"65 FT Tug ""CAPTAIN JERRY""",77.7138,34.24755,7,17,16,468.4185554,NA,NA,16,468.4185554,11867.00152,2.247538166,"Added to GIS"
16,2.97639843516499,8,1.85765976635358,0.8125,5.33333333333333,0.893345510859089,370,"BARGE","2015-09-09","Radiating","Fall",1,"AR-370_BARGE_2015-09-09_R_T1",27.6664887218045,27.764,27.665,14.8864,14.6011,14.7710954887218,0.285299999999999,0.0599622518436461,"SHIP","METAL","Artificial",1973,43,49,3724.8652,"90 FT Barge",77.75883333,34.17503333,16,18,21,762.9210139,7,4233.142248,21,762.9210139,13703.20373,2.595303737,"CR+BW"
223,9.78968327437642,8,0.441877427996836,0.161716503448692,1.19291385803728,0.212498124683935,370,"BARGE","2015-09-09","Radiating","Fall",2,"AR-370_BARGE_2015-09-09_R_T2",27.665,27.665,27.665,15.1079,14.5768,14.8335567251462,0.5311,0.110474795628742,"SHIP","METAL","Artificial",1973,43,49,3724.8652,"90 FT Barge",77.75883333,34.17503333,16,18,21,762.9210139,7,4233.142248,21,762.9210139,13703.20373,2.595303737,"CR+BW"
2,0.1378588225,1,0,0,1,NA,370,"BARGE","2015-09-09","Radiating","Fall",3,"AR-370_BARGE_2015-09-09_R_T3",27.665,27.665,27.665,14.8833,14.6132,14.7375229813665,0.270099999999999,0.0593207312501785,"SHIP","METAL","Artificial",1973,43,49,3724.8652,"90 FT Barge",77.75883333,34.17503333,16,18,21,762.9210139,7,4233.142248,21,762.9210139,13703.20373,2.595303737,"CR+BW"
400,14.156545373971,8,0.636430401324781,0.26355,1.35786543553534,0.306058327954078,370,"BARGE","2015-09-09","Structural","Fall",0,NA,NA,NA,NA,NA,NA,NA,NA,NA,"SHIP","METAL","Artificial",1973,43,49,3724.8652,"90 FT Barge",77.75883333,34.17503333,16,18,21,762.9210139,7,4233.142248,21,762.9210139,13703.20373,2.595303737,"CR+BW"
216,0.177853312856996,6,0.273256074314795,0.098508230452675,1.109272467903,0.152507118844764,370,"LIBERTYSHIP","2015-09-03","Radiating","Fall",1,NA,NA,NA,NA,NA,NA,NA,NA,NA,"SHIP","METAL","Artificial",1974,42,51,28644.423,"440 FT Liberty Ship ""ALEXANDER RAMSEY""",77.75188333,34.17523333,13,6,29,147.853515,7,2267.859576,29,147.853515,15784.41584,2.989472697,"Added to GIS"
3,0.0700377893387342,2,0.636514168294813,0.444444444444444,1.8,0.918295834054489,370,"LIBERTYSHIP","2015-09-03","Radiating","Fall",2,NA,NA,NA,NA,NA,NA,NA,NA,NA,"SHIP","METAL","Artificial",1974,42,51,28644.423,"440 FT Liberty Ship ""ALEXANDER RAMSEY""",77.75188333,34.17523333,13,6,29,147.853515,7,2267.859576,29,147.853515,15784.41584,2.989472697,"Added to GIS"
9,0.140031364608266,4,1.14905969697062,0.617283950617284,2.61290322580645,0.828871363252444,370,"LIBERTYSHIP","2015-09-03","Radiating","Fall",3,"AR-370_LIBERTYSHIP_2015-09-03_R_T3",27.665,27.665,27.665,15.1595,14.9623,15.0620752136752,0.197199999999999,0.0438800773778571,"SHIP","METAL","Artificial",1974,42,51,28644.423,"440 FT Liberty Ship ""ALEXANDER RAMSEY""",77.75188333,34.17523333,13,6,29,147.853515,7,2267.859576,29,147.853515,15784.41584,2.989472697,"Added to GIS"
383,5.97752626163257,18,1.60590687026552,0.676056145995951,3.08695469180749,0.555605646878594,370,"LIBERTYSHIP","2015-09-03","Structural","Fall",0,"AR-370_LIBERTYSHIP_2015-09-03_S",27.665,27.665,27.665,15.4367,12.2115,14.5343378486056,3.2252,0.590599544769341,"SHIP","METAL","Artificial",1974,42,51,28644.423,"440 FT Liberty Ship ""ALEXANDER RAMSEY""",77.75188333,34.17523333,13,6,29,147.853515,7,2267.859576,29,147.853515,15784.41584,2.989472697,"Added to GIS"
91,0.583328945397768,4,0.460486347522684,0.218814152880087,1.28010511671047,0.332170684984024,370,"LIBERTYSHIP","2015-12-09","Radiating","Winter",1,"AR-370_LIBERTYSHIP_2015-12-09_R_T1",16.427,16.427,16.427,15.2417,14.6,15.0182905982906,0.6417,0.118502696741398,"SHIP","METAL","Artificial",1974,42,51,28644.423,"440 FT Liberty Ship ""ALEXANDER RAMSEY""",77.75188333,34.17523333,13,6,29,147.853515,7,2267.859576,29,147.853515,15784.41584,2.989472697,"Added to GIS"
25,0.0221330609742359,3,0.83336544107172,0.5376,2.16262975778547,0.758561914578656,370,"LIBERTYSHIP","2015-12-09","Radiating","Winter",2,"AR-370_LIBERTYSHIP_2015-12-09_R_T2",16.427,16.427,16.427,15.1328,14.7635,14.9382893939394,0.369299999999999,0.0839388029146496,"SHIP","METAL","Artificial",1974,42,51,28644.423,"440 FT Liberty Ship ""ALEXANDER RAMSEY""",77.75188333,34.17523333,13,6,29,147.853515,7,2267.859576,29,147.853515,15784.41584,2.989472697,"Added to GIS"
17,0.00579290267736047,3,0.677908725644198,0.380622837370242,1.6145251396648,0.61705911415396,370,"LIBERTYSHIP","2015-12-09","Radiating","Winter",3,"AR-370_LIBERTYSHIP_2015-12-09_R_T3",16.427,16.427,16.427,15.09643813,14.6938102,14.894798596748,0.40262793,0.0787405447224551,"SHIP","METAL","Artificial",1974,42,51,28644.423,"440 FT Liberty Ship ""ALEXANDER RAMSEY""",77.75188333,34.17523333,13,6,29,147.853515,7,2267.859576,29,147.853515,15784.41584,2.989472697,"Added to GIS"
214,10.6977215416193,10,1.35017395313521,0.669490785221417,3.02563424947146,0.586373097456123,370,"LIBERTYSHIP","2015-12-09","Structural","Winter",0,"AR-370_LIBERTYSHIP_2015-12-09_S",16.427,16.427,16.427,14.92258071,6.849948455,9.10643505758242,8.072632255,2.75596148831313,"SHIP","METAL","Artificial",1974,42,51,28644.423,"440 FT Liberty Ship ""ALEXANDER RAMSEY""",77.75188333,34.17523333,13,6,29,147.853515,7,2267.859576,29,147.853515,15784.41584,2.989472697,"Added to GIS"
0,0,0,0,1,Inf,0,370,"LIBERTYSHIP","2016-03-10","Radiating","Spring",1,"AR-370_LIBERTYSHIP_2016-03-10_R_T1",13.558,13.558,13.558,14.4517,14.0006,14.2036020618557,0.4511,0.0919504871060388,"SHIP","METAL","Artificial",1974,42,51,28644.423,"440 FT Liberty Ship ""ALEXANDER RAMSEY""",77.75188333,34.17523333,13,6,29,147.853515,7,2267.859576,29,147.853515,15784.41584,2.989472697,"Added to GIS"
0,0,0,0,1,Inf,0,370,"LIBERTYSHIP","2016-03-10","Radiating","Spring",2,"AR-370_LIBERTYSHIP_2016-03-10_R_T2",13.558,13.558,13.558,14.3911,14.0006,14.1922691588785,0.390499999999999,0.0843652217659946,"SHIP","METAL","Artificial",1974,42,51,28644.423,"440 FT Liberty Ship ""ALEXANDER RAMSEY""",77.75188333,34.17523333,13,6,29,147.853515,7,2267.859576,29,147.853515,15784.41584,2.989472697,"Added to GIS"
0,0,0,0,1,Inf,0,370,"LIBERTYSHIP","2016-03-10","Radiating","Spring",3,"AR-370_LIBERTYSHIP_2016-03-10_R_T3",13.558,13.558,13.558,14.2519,13.8462,14.0004824,0.4057,0.0903894763215133,"SHIP","METAL","Artificial",1974,42,51,28644.423,"440 FT Liberty Ship ""ALEXANDER RAMSEY""",77.75188333,34.17523333,13,6,29,147.853515,7,2267.859576,29,147.853515,15784.41584,2.989472697,"Added to GIS"
175,2.37837543177609,2,0.129740694719428,0.0555102040816327,1.05877268798617,0.187176256873208,370,"LIBERTYSHIP","2016-03-10","Structural","Spring",0,"AR-370_LIBERTYSHIP_2016-03-10_S",13.461,13.461,13.461,14.02893314,6.01448018,8.32719020537566,8.01445296,2.38825310647472,"SHIP","METAL","Artificial",1974,42,51,28644.423,"440 FT Liberty Ship ""ALEXANDER RAMSEY""",77.75188333,34.17523333,13,6,29,147.853515,7,2267.859576,29,147.853515,15784.41584,2.989472697,"Added to GIS"
142,6.80429601128698,7,1.01562020399809,0.469748065859948,1.88589599700711,0.521925539311847,370,"NR1","2015-09-09","Radiating","Fall",1,"AR-370_NR1_2015-09-09_R_T1",27.665,27.665,27.665,14.5464,14.1852,14.3907056603774,0.3612,0.0804834083229209,"NATURAL_REEF","ROCK","Natural",NA,NA,48,NA,"",77.74545,34.17843333,11,7,8,622.0520877,NA,NA,6,2267.859576,17654.70513,3.343694153,"Added to GIS, ""NR149"""
32,1.85112136227164,9,1.77417848748921,0.77734375,4.49122807017544,0.807463427175074,370,"NR1","2015-09-09","Radiating","Fall",2,"AR-370_NR1_2015-09-09_R_T2",27.665,27.665,27.665,14.595,14.3005,14.4416769911504,0.294500000000001,0.0680058453486189,"NATURAL_REEF","ROCK","Natural",NA,NA,48,NA,"",77.74545,34.17843333,11,7,8,622.0520877,NA,NA,6,2267.859576,17654.70513,3.343694153,"Added to GIS, ""NR149"""
27,3.2779933250095,8,1.81008094237093,0.806584362139918,5.17021276595745,0.870464933055388,370,"NR1","2015-09-09","Radiating","Fall",3,"AR-370_NR1_2015-09-09_R_T3",27.665,27.665,27.665,14.5221,14.2489,14.3981097560976,0.273199999999999,0.0640104953159695,"NATURAL_REEF","ROCK","Natural",NA,NA,48,NA,"",77.74545,34.17843333,11,7,8,622.0520877,NA,NA,6,2267.859576,17654.70513,3.343694153,"Added to GIS, ""NR149"""
59,4.94348877063054,7,1.61753229923147,0.775064636598679,4.44572158365262,0.831247167304582,370,"NR1","2015-09-09","Structural","Fall",0,NA,NA,NA,NA,NA,NA,NA,NA,NA,"NATURAL_REEF","ROCK","Natural",NA,NA,48,NA,"",77.74545,34.17843333,11,7,8,622.0520877,NA,NA,6,2267.859576,17654.70513,3.343694153,"Added to GIS, ""NR149"""
8,0.0416420407377909,3,0.974314752869349,0.59375,2.46153846153846,0.886859507142915,370,"NR1","2015-12-08","Radiating","Winter",1,"AR-370_NR1_2015-12-08_R_T1",16.332,16.332,16.332,15.7072,15.0626,15.4099706349206,0.644600000000001,0.143625373840397,"NATURAL_REEF","ROCK","Natural",NA,NA,48,NA,"",77.74545,34.17843333,11,7,8,622.0520877,NA,NA,6,2267.859576,17654.70513,3.343694153,"Added to GIS, ""NR149"""
0,0,0,0,1,Inf,0,370,"NR1","2015-12-08","Radiating","Winter",2,"AR-370_NR1_2015-12-08_R_T2",16.332,16.332,16.332,15.6709,15.3289,15.5020339130435,0.341999999999999,0.0776172411292664,"NATURAL_REEF","ROCK","Natural",NA,NA,48,NA,"",77.74545,34.17843333,11,7,8,622.0520877,NA,NA,6,2267.859576,17654.70513,3.343694153,"Added to GIS, ""NR149"""
0,0,0,0,1,Inf,0,370,"NR1","2015-12-08","Radiating","Winter",3,"AR-370_NR1_2015-12-08_R_T3",16.2896890756303,16.332,16.237,15.5407,15.1829,15.3936705882353,0.357799999999999,0.0836744492043482,"NATURAL_REEF","ROCK","Natural",NA,NA,48,NA,"",77.74545,34.17843333,11,7,8,622.0520877,NA,NA,6,2267.859576,17654.70513,3.343694153,"Added to GIS, ""NR149"""
40,4.74285259723824,7,1.56718085483299,0.7425,3.88349514563107,0.805371643492283,370,"NR1","2015-12-08","Structural","Winter",0,"AR-370_NR1_2015-12-08_S",16.332,16.332,16.332,15.1965,14.489,14.7295822510823,0.7075,0.121950352642759,"NATURAL_REEF","ROCK","Natural",NA,NA,48,NA,"",77.74545,34.17843333,11,7,8,622.0520877,NA,NA,6,2267.859576,17654.70513,3.343694153,"Added to GIS, ""NR149"""
0,0,0,0,1,Inf,0,370,"NR1","2016-03-10","Radiating","Spring",1,"AR-370_NR1_2016-03-10_R_T1",13.558,13.558,13.558,15.47436539,15.22021373,15.3626810323077,0.254151660000002,0.0839301764616788,"NATURAL_REEF","ROCK","Natural",NA,NA,48,NA,"",77.74545,34.17843333,11,7,8,622.0520877,NA,NA,6,2267.859576,17654.70513,3.343694153,"Added to GIS, ""NR149"""
0,0,0,0,1,Inf,0,370,"NR1","2016-03-10","Radiating","Spring",2,"AR-370_NR1_2016-03-10_R_T2",13.558,13.558,13.558,15.4744,14.5818,15.2562086531163,0.8926,0.157551597388628,"NATURAL_REEF","ROCK","Natural",NA,NA,48,NA,"",77.74545,34.17843333,11,7,8,622.0520877,NA,NA,6,2267.859576,17654.70513,3.343694153,"Added to GIS, ""NR149"""
22,0.181774410932439,2,0.474139313057837,0.297520661157025,1.42352941176471,0.684038435639042,370,"NR1","2016-03-10","Structural","Spring",0,"AR-370_NR1_2016-03-10_S",13.5569398907104,13.558,13.461,15.00056138,14.51151508,14.8328518895628,0.4890463,0.0845279591071249,"NATURAL_REEF","ROCK","Natural",NA,NA,48,NA,"",77.74545,34.17843333,11,7,8,622.0520877,NA,NA,6,2267.859576,17654.70513,3.343694153,"Added to GIS, ""NR149"""
12,0.738055228165699,5,1.44518587894808,0.736111111111111,3.78947368421053,0.897944473522682,370,"NR2","2015-09-09","Radiating","Fall",1,"AR-370_NR2_2015-09-09_R_T1",27.665,27.665,27.665,15.5024,14.8773,15.2590649681529,0.6251,0.151710253471849,"NATURAL_REEF","ROCK","Natural",NA,NA,50,NA,"",77.74458333,34.17688333,12,8,7,622.0520877,NA,NA,6,2288.350833,17939.27321,3.397589623,"Added to GIS"
4,0.113990121611571,2,0.693147180559945,0.5,2,1,370,"NR2","2015-09-09","Radiating","Fall",2,"AR-370_NR2_2015-09-09_R_T2",27.665,27.665,27.665,15.5296,14.8166,15.2152167701863,0.713000000000001,0.165037058049103,"NATURAL_REEF","ROCK","Natural",NA,NA,50,NA,"",77.74458333,34.17688333,12,8,7,622.0520877,NA,NA,6,2288.350833,17939.27321,3.397589623,"Added to GIS"
54,24.0860849757987,5,1.34237231308519,0.696844993141289,3.29864253393665,0.834062813305422,370,"NR2","2015-09-09","Radiating","Fall",3,"AR-370_NR2_2015-09-09_R_T3",27.665,27.665,27.665,14.9956,14.343,14.6645094674556,0.6526,0.190217837918043,"NATURAL_REEF","ROCK","Natural",NA,NA,50,NA,"",77.74458333,34.17688333,12,8,7,622.0520877,NA,NA,6,2288.350833,17939.27321,3.397589623,"Added to GIS"
197,28.3354580996555,15,1.81857448448946,0.764616454946018,4.24838533114395,0.671543859766439,370,"NR2","2015-09-09","Structural","Fall",0,NA,NA,NA,NA,NA,NA,NA,NA,NA,"NATURAL_REEF","ROCK","Natural",NA,NA,50,NA,"",77.74458333,34.17688333,12,8,7,622.0520877,NA,NA,6,2288.350833,17939.27321,3.397589623,"Added to GIS"
3,0.17041433597079,1,0,0,1,NA,370,"NR2","2016-03-11","Radiating","Spring",1,"AR-370_NR2_2016-03-11_R_T1",13.942,13.942,13.942,15.2988,14.4272,14.7153930434783,0.871600000000001,0.123481569561444,"NATURAL_REEF","ROCK","Natural",NA,NA,50,NA,"",77.74458333,34.17688333,12,8,7,622.0520877,NA,NA,6,2288.350833,17939.27321,3.397589623,"Added to GIS"
0,0,0,0,1,Inf,0,370,"NR2","2016-03-11","Radiating","Spring",2,"AR-370_NR2_2016-03-11_R_T2",13.942,13.942,13.942,14.9024,14.512,14.7277495652174,0.3904,0.071408285398079,"NATURAL_REEF","ROCK","Natural",NA,NA,50,NA,"",77.74458333,34.17688333,12,8,7,622.0520877,NA,NA,6,2288.350833,17939.27321,3.397589623,"Added to GIS"
0,0,0,0,1,Inf,0,370,"NR2","2016-03-11","Radiating","Spring",3,"AR-370_NR2_2016-03-11_R_T3",13.942,13.942,13.942,14.8358,14.506,14.6505875,0.329800000000001,0.0666380056125393,"NATURAL_REEF","ROCK","Natural",NA,NA,50,NA,"",77.74458333,34.17688333,12,8,7,622.0520877,NA,NA,6,2288.350833,17939.27321,3.397589623,"Added to GIS"
15,2.12285969474299,1,0,0,1,NA,370,"NR2","2016-03-11","Structural","Spring",0,"AR-370_NR2_2016-03-11_S",13.942,13.942,13.942,15.38277553,14.62998309,14.9112893354167,0.75279244,0.22784136056842,"NATURAL_REEF","ROCK","Natural",NA,NA,50,NA,"",77.74458333,34.17688333,12,8,7,622.0520877,NA,NA,6,2288.350833,17939.27321,3.397589623,"Added to GIS"
14,0.0916650191835187,3,0.509137344082687,0.255102040816327,1.34246575342466,0.463436782324667,370,"PIPES","2015-09-03","Radiating","Fall",1,"AR-370_PIPES_2015-09-03_R_T1",27.567,27.567,27.567,16.0446,15.7382,15.8818645614035,0.306399999999998,0.0549582111433594,"PIPES","CONCRETE","Artificial",2008,8,50,NA,"",77.75661667,34.17603333,14,21,22,193.9991805,7,3488.830171,22,193.9991805,14331.26953,2.714255592,"CR+MD 2015/09/03"
0,0,0,0,1,Inf,0,370,"PIPES","2015-09-03","Radiating","Fall",2,"AR-370_PIPES_2015-09-03_R_T2",27.567,27.567,27.567,15.9839,15.6473,15.7858768976898,0.336600000000001,0.0633350189869624,"PIPES","CONCRETE","Artificial",2008,8,50,NA,"",77.75661667,34.17603333,14,21,22,193.9991805,7,3488.830171,22,193.9991805,14331.26953,2.714255592,"CR+MD 2015/09/03"
0,0,0,0,1,Inf,0,370,"PIPES","2015-09-03","Radiating","Fall",3,NA,NA,NA,NA,NA,NA,NA,NA,NA,"PIPES","CONCRETE","Artificial",2008,8,50,NA,"",77.75661667,34.17603333,14,21,22,193.9991805,7,3488.830171,22,193.9991805,14331.26953,2.714255592,"CR+MD 2015/09/03"
148,2.91056526208668,6,0.848565153922899,0.383308984660336,1.62155759549896,0.473593229725464,370,"PIPES","2015-09-03","Structural","Fall",0,"AR-370_PIPES_2015-09-03_S",27.567,27.567,27.567,15.9968,15.1505,15.6545651982379,0.846300000000001,0.195682753626026,"PIPES","CONCRETE","Artificial",2008,8,50,NA,"",77.75661667,34.17603333,14,21,22,193.9991805,7,3488.830171,22,193.9991805,14331.26953,2.714255592,"CR+MD 2015/09/03"
3,0.0795610666993005,1,0,0,1,NA,370,"PIPES","2015-12-08","Radiating","Winter",1,"AR-370_PIPES_2015-12-08_R_T1",16.141,16.141,16.141,15.5574,14.9763,15.2796406504065,0.581099999999999,0.133292226623543,"PIPES","CONCRETE","Artificial",2008,8,50,NA,"",77.75661667,34.17603333,14,21,22,193.9991805,7,3488.830171,22,193.9991805,14331.26953,2.714255592,"CR+MD 2015/09/03"
2,0.0316740829146893,2,0.693147180559945,0.5,2,1,370,"PIPES","2015-12-08","Radiating","Winter",2,"AR-370_PIPES_2015-12-08_R_T2",16.141,16.141,16.141,15.5635,14.9702,15.3283115942029,0.593299999999999,0.123452835092316,"PIPES","CONCRETE","Artificial",2008,8,50,NA,"",77.75661667,34.17603333,14,21,22,193.9991805,7,3488.830171,22,193.9991805,14331.26953,2.714255592,"CR+MD 2015/09/03"
1,0.0117496716470341,1,0,0,1,NA,370,"PIPES","2015-12-08","Radiating","Winter",3,"AR-370_PIPES_2015-12-08_R_T3",16.0962941176471,16.141,16.046,15.4235,14.9029,15.1922426470588,0.5206,0.11172956280588,"PIPES","CONCRETE","Artificial",2008,8,50,NA,"",77.75661667,34.17603333,14,21,22,193.9991805,7,3488.830171,22,193.9991805,14331.26953,2.714255592,"CR+MD 2015/09/03"
52,6.68633232630531,5,1.40684318161906,0.73594674556213,3.78711484593838,0.874120816186913,370,"PIPES","2015-12-08","Structural","Winter",0,"AR-370_PIPES_2015-12-08_S",16.141,16.141,16.141,15.2798,14.4598,14.9149032432432,0.82,0.183725745486694,"PIPES","CONCRETE","Artificial",2008,8,50,NA,"",77.75661667,34.17603333,14,21,22,193.9991805,7,3488.830171,22,193.9991805,14331.26953,2.714255592,"CR+MD 2015/09/03"
3,0.185767608170812,1,0,0,1,NA,370,"PIPES","2016-03-11","Radiating","Spring",1,"AR-370_PIPES_2016-03-11_R_T1",13.942,13.942,13.942,14.4635,14.1064,14.2949724137931,0.357099999999999,0.0581362351815067,"PIPES","CONCRETE","Artificial",2008,8,50,NA,"",77.75661667,34.17603333,14,21,22,193.9991805,7,3488.830171,22,193.9991805,14331.26953,2.714255592,"CR+MD 2015/09/03"
0,0,0,0,1,Inf,0,370,"PIPES","2016-03-11","Radiating","Spring",2,"AR-370_PIPES_2016-03-11_R_T2",13.942,13.942,13.942,14.4908,14.0912,14.3346945945946,0.3996,0.0736722333753767,"PIPES","CONCRETE","Artificial",2008,8,50,NA,"",77.75661667,34.17603333,14,21,22,193.9991805,7,3488.830171,22,193.9991805,14331.26953,2.714255592,"CR+MD 2015/09/03"
0,0,0,0,1,Inf,0,370,"PIPES","2016-03-11","Radiating","Spring",3,"AR-370_PIPES_2016-03-11_R_T3",13.942,13.942,13.942,14.4333,14.0882,14.2364756756757,0.345099999999999,0.0625242646952018,"PIPES","CONCRETE","Artificial",2008,8,50,NA,"",77.75661667,34.17603333,14,21,22,193.9991805,7,3488.830171,22,193.9991805,14331.26953,2.714255592,"CR+MD 2015/09/03"
11,0.743717775378015,1,0,0,1,NA,370,"PIPES","2016-03-11","Structural","Spring",0,"AR-370_PIPES_2016-03-11_S",13.942,13.942,13.942,14.4821,13.7923,14.1338344827586,0.689800000000002,0.171199158056775,"PIPES","CONCRETE","Artificial",2008,8,50,NA,"",77.75661667,34.17603333,14,21,22,193.9991805,7,3488.830171,22,193.9991805,14331.26953,2.714255592,"CR+MD 2015/09/03"
46,1.07176446339248,4,0.530509630230027,0.238185255198488,1.31265508684864,0.382681806338349,370,"PODS","2015-09-15","Radiating","Fall",1,"AR-370_PODS_2015-09-15_R_T1",27.075,27.075,27.075,15.6437,15.213,15.445630075188,0.430700000000002,0.0812328291150325,"ATLANTIC_PODS","CONCRETE","Artificial",2015,1,51,NA,"",77.75621667,34.17561667,15,22,21,193.9991805,7,3414.26083,21,193.9991805,14466.24304,2.739818758,"NOT in GIS"
3,0.0506689864809916,3,1.09861228866811,0.666666666666667,3,1,370,"PODS","2015-09-15","Radiating","Fall",2,"AR-370_PODS_2015-09-15_R_T2",27.075,27.075,27.075,15.4588,14.9186,15.2263966346154,0.5402,0.0945313307887748,"ATLANTIC_PODS","CONCRETE","Artificial",2015,1,51,NA,"",77.75621667,34.17561667,15,22,21,193.9991805,7,3414.26083,21,193.9991805,14466.24304,2.739818758,"NOT in GIS"
26,6.46250280288061,8,1.64949664157997,0.754437869822485,4.07228915662651,0.793240208256808,370,"PODS","2015-09-15","Radiating","Fall",3,"AR-370_PODS_2015-09-15_R_T3",27.075,27.075,27.075,15.1857,14.8034,14.9988177664975,0.382300000000001,0.084138154968579,"ATLANTIC_PODS","CONCRETE","Artificial",2015,1,51,NA,"",77.75621667,34.17561667,15,22,21,193.9991805,7,3414.26083,21,193.9991805,14466.24304,2.739818758,"NOT in GIS"
215,18.6254905538489,15,1.48228652927116,0.656051919956733,2.90741556072709,0.547363017372371,370,"PODS","2015-09-15","Structural","Fall",0,"AR-370_PODS_2015-09-15_S",27.075,27.075,27.075,15.51641779,14.28124755,15.0345785874912,1.23517024,0.316173841157533,"ATLANTIC_PODS","CONCRETE","Artificial",2015,1,51,NA,"",77.75621667,34.17561667,15,22,21,193.9991805,7,3414.26083,21,193.9991805,14466.24304,2.739818758,"NOT in GIS"
11,0.0532983395473718,3,0.600166073159646,0.314049586776859,1.4578313253012,0.546294702280502,370,"PODS","2015-12-08","Radiating","Winter",1,"AR-370_PODS_2015-12-08_R_T1",16.3511532258065,16.427,16.332,14.5568,14.1911,14.3701830645161,0.3657,0.0832068963309921,"ATLANTIC_PODS","CONCRETE","Artificial",2015,1,51,NA,"",77.75621667,34.17561667,15,22,21,193.9991805,7,3414.26083,21,193.9991805,14466.24304,2.739818758,"NOT in GIS"
0,0,0,0,1,Inf,0,370,"PODS","2015-12-08","Radiating","Winter",2,"AR-370_PODS_2015-12-08_R_T2",16.332,16.332,16.332,14.5417,14.1933,14.368228030303,0.3484,0.0782163473614305,"ATLANTIC_PODS","CONCRETE","Artificial",2015,1,51,NA,"",77.75621667,34.17561667,15,22,21,193.9991805,7,3414.26083,21,193.9991805,14466.24304,2.739818758,"NOT in GIS"
0,0,0,0,1,Inf,0,370,"PODS","2015-12-08","Radiating","Winter",3,"AR-370_PODS_2015-12-08_R_T3",16.332,16.332,16.332,14.6204,14.2297,14.4320076335878,0.390700000000001,0.0870398835356268,"ATLANTIC_PODS","CONCRETE","Artificial",2015,1,51,NA,"",77.75621667,34.17561667,15,22,21,193.9991805,7,3414.26083,21,193.9991805,14466.24304,2.739818758,"NOT in GIS"
47,13.4522167062696,5,1.3274067298827,0.70076957899502,3.34190620272315,0.824764173645657,370,"PODS","2015-12-08","Structural","Winter",0,"AR-370_PODS_2015-12-08_S",16.427,16.427,16.427,14.48259555,13.35582252,14.1737519519118,1.12677303,0.291898683490704,"ATLANTIC_PODS","CONCRETE","Artificial",2015,1,51,NA,"",77.75621667,34.17561667,15,22,21,193.9991805,7,3414.26083,21,193.9991805,14466.24304,2.739818758,"NOT in GIS"
1,0.00407349238663496,1,0,0,1,NA,370,"PODS","2016-03-15","Radiating","Spring",1,NA,NA,NA,NA,NA,NA,NA,NA,NA,"ATLANTIC_PODS","CONCRETE","Artificial",2015,1,51,NA,"",77.75621667,34.17561667,15,22,21,193.9991805,7,3414.26083,21,193.9991805,14466.24304,2.739818758,"NOT in GIS"
21,1.60461271304163,4,0.901951381686084,0.494331065759637,1.97757847533632,0.650620392740731,370,"PODS","2016-03-15","Radiating","Spring",2,NA,NA,NA,NA,NA,NA,NA,NA,NA,"ATLANTIC_PODS","CONCRETE","Artificial",2015,1,51,NA,"",77.75621667,34.17561667,15,22,21,193.9991805,7,3414.26083,21,193.9991805,14466.24304,2.739818758,"NOT in GIS"
13,1.15192084504145,4,1.20479330969478,0.662721893491124,2.96491228070175,0.869074666596433,370,"PODS","2016-03-15","Radiating","Spring",3,NA,NA,NA,NA,NA,NA,NA,NA,NA,"ATLANTIC_PODS","CONCRETE","Artificial",2015,1,51,NA,"",77.75621667,34.17561667,15,22,21,193.9991805,7,3414.26083,21,193.9991805,14466.24304,2.739818758,"NOT in GIS"
22,11.1190286381817,6,1.39678791941195,0.65702479338843,2.91566265060241,0.779562180862218,370,"PODS","2016-03-15","Structural","Spring",0,NA,NA,NA,NA,NA,NA,NA,NA,NA,"ATLANTIC_PODS","CONCRETE","Artificial",2015,1,51,NA,"",77.75621667,34.17561667,15,22,21,193.9991805,7,3414.26083,21,193.9991805,14466.24304,2.739818758,"NOT in GIS"
50,0.704763105891945,3,0.815620229985571,0.4968,1.9872813990461,0.74240952736327,370,"PODS","2016-05-10","Structural","Spring",0,NA,NA,NA,NA,NA,NA,NA,NA,NA,"ATLANTIC_PODS","CONCRETE","Artificial",2015,1,51,NA,"",77.75621667,34.17561667,15,22,21,193.9991805,7,3414.26083,21,193.9991805,14466.24304,2.739818758,"NOT in GIS"
390,6.64608920148228,9,0.919628987875518,0.474214332675871,1.90191567048467,0.418541189353716,372,"NR1","2015-09-02","Structural","Fall",0,"AR-372_NR1_2015-09-02_S",27.665,27.665,27.665,16.4839,16.0538,16.2827937172775,0.430099999999999,0.084500646290295,"NATURAL_REEF","ROCK","Natural",NA,NA,60,NA,"",77.752,34.10696667,18,10,9,1277.812829,NA,NA,9,1277.812829,29672.59679,5.619809998,"Added to GIS"
107,5.81035458211013,4,0.895525590513136,0.552187964014324,2.23307977374683,0.645985164211231,372,"NR1","2015-12-03","Radiating","Winter",1,"AR-372_NR1_2015-12-03_R_T1",18.331,18.331,18.331,18.6667,17.9635,18.4447439759036,0.703199999999999,0.152692991424482,"NATURAL_REEF","ROCK","Natural",NA,NA,60,NA,"",77.752,34.10696667,18,10,9,1277.812829,NA,NA,9,1277.812829,29672.59679,5.619809998,"Added to GIS"
1,0.0202048998019657,1,0,0,1,NA,372,"NR1","2015-12-03","Radiating","Winter",2,"AR-372_NR1_2015-12-03_R_T2",18.331,18.331,18.331,18.8039,18.4523,18.6390306930693,0.351599999999998,0.0540121706251162,"NATURAL_REEF","ROCK","Natural",NA,NA,60,NA,"",77.752,34.10696667,18,10,9,1277.812829,NA,NA,9,1277.812829,29672.59679,5.619809998,"Added to GIS"
103,0.0481411033525495,2,0.131691556532418,0.0565557545480253,1.0599460485563,0.189990755536268,372,"NR1","2015-12-03","Radiating","Winter",3,"AR-372_NR1_2015-12-03_R_T3",18.331,18.331,18.331,18.709,18.2941,18.4740587982833,0.414899999999999,0.0842735750414909,"NATURAL_REEF","ROCK","Natural",NA,NA,60,NA,"",77.752,34.10696667,18,10,9,1277.812829,NA,NA,9,1277.812829,29672.59679,5.619809998,"Added to GIS"
267,25.7941990980928,12,1.36739893210665,0.626127453043246,2.6747082879976,0.550281811279834,372,"NR1","2015-12-03","Structural","Winter",0,"AR-372_NR1_2015-12-03_S",18.331,18.331,18.331,18.4699,16.099,17.4454775280899,2.3709,0.895713056574565,"NATURAL_REEF","ROCK","Natural",NA,NA,60,NA,"",77.752,34.10696667,18,10,9,1277.812829,NA,NA,9,1277.812829,29672.59679,5.619809998,"Added to GIS"
59,11.8764007966514,6,1.25027068521698,0.647515081873025,2.83700081499592,0.697789355485106,372,"NR1","2016-03-17","Structural","Spring",0,"AR-372_NR1_2016-03-17_S",14.3599090909091,14.421,14.325,17.92708195,15.12528962,16.6168395588235,2.80179233,0.735433850452614,"NATURAL_REEF","ROCK","Natural",NA,NA,60,NA,"",77.752,34.10696667,18,10,9,1277.812829,NA,NA,9,1277.812829,29672.59679,5.619809998,"Added to GIS"
102,1.96416873251865,10,1.49724800869465,0.673971549404075,3.06721698113208,0.65024654821672,372,"NR2","2015-09-02","Radiating","Fall",1,"AR-372_NR2_2015-09-02_R_T1",27.665,27.665,27.665,15.7268,15.3962,15.575422826087,0.3306,0.0622581819904538,"NATURAL_REEF","ROCK","Natural",NA,NA,54,NA,"",77.75111667,34.10263333,20,12,11,1215.621172,NA,NA,11,1215.621172,30529.37064,5.782077773,"Added to GIS"
30,0.781816086513189,7,1.5521598976966,0.733333333333333,3.75,0.797652398519085,372,"NR2","2015-09-02","Radiating","Fall",2,NA,NA,NA,NA,NA,NA,NA,NA,NA,"NATURAL_REEF","ROCK","Natural",NA,NA,54,NA,"",77.75111667,34.10263333,20,12,11,1215.621172,NA,NA,11,1215.621172,30529.37064,5.782077773,"Added to GIS"
10,0.787485568474615,5,1.41848366194566,0.72,3.57142857142857,0.881353453268883,372,"NR2","2015-09-02","Radiating","Fall",3,NA,NA,NA,NA,NA,NA,NA,NA,NA,"NATURAL_REEF","ROCK","Natural",NA,NA,54,NA,"",77.75111667,34.10263333,20,12,11,1215.621172,NA,NA,11,1215.621172,30529.37064,5.782077773,"Added to GIS"
417,3.29699989293247,13,0.938989702779013,0.43150515558776,1.75903090384907,0.366085084700583,372,"NR2","2015-09-02","Structural","Fall",0,NA,NA,NA,NA,NA,NA,NA,NA,NA,"NATURAL_REEF","ROCK","Natural",NA,NA,54,NA,"",77.75111667,34.10263333,20,12,11,1215.621172,NA,NA,11,1215.621172,30529.37064,5.782077773,"Added to GIS"
306,13.9697320393746,8,0.974912592724441,0.508159254987398,2.0331784426977,0.468833854274584,372,"NR2","2015-12-09","Radiating","Winter",1,"AR-372_NR2_2015-12-09_R_T1",17.09324,17.094,16.999,17.7181,17.2919,17.54172,0.426200000000001,0.102698015654417,"NATURAL_REEF","ROCK","Natural",NA,NA,54,NA,"",77.75111667,34.10263333,20,12,11,1215.621172,NA,NA,11,1215.621172,30529.37064,5.782077773,"Added to GIS"
60,10.2173185578835,3,0.918427784993098,0.569444444444444,2.32258064516129,0.835988996724716,372,"NR2","2015-12-09","Radiating","Winter",2,"AR-372_NR2_2015-12-09_R_T2",17.094,17.094,17.094,17.77248153,17.33419752,17.5389351186441,0.43828401,0.101744165266949,"NATURAL_REEF","ROCK","Natural",NA,NA,54,NA,"",77.75111667,34.10263333,20,12,11,1215.621172,NA,NA,11,1215.621172,30529.37064,5.782077773,"Added to GIS"
0,0,0,0,1,Inf,0,372,"NR2","2015-12-09","Radiating","Winter",3,"AR-372_NR2_2015-12-09_R_T3",17.0646363636364,17.094,16.999,17.57303883,16.78390985,17.2382471486364,0.789128980000001,0.168233667810223,"NATURAL_REEF","ROCK","Natural",NA,NA,54,NA,"",77.75111667,34.10263333,20,12,11,1215.621172,NA,NA,11,1215.621172,30529.37064,5.782077773,"Added to GIS"
1305,58.8997012931387,15,1.28892373647181,0.665609723873695,2.99051758198341,0.475960060100512,372,"NR2","2015-12-09","Structural","Winter",0,"AR-372_NR2_2015-12-09_S",17.0611428571429,17.094,16.999,17.61794916,15.28839578,15.971803084812,2.32955338,0.567442056698128,"NATURAL_REEF","ROCK","Natural",NA,NA,54,NA,"",77.75111667,34.10263333,20,12,11,1215.621172,NA,NA,11,1215.621172,30529.37064,5.782077773,"Added to GIS"
0,0,0,0,1,Inf,0,372,"NR2","2016-03-15","Radiating","Spring",1,NA,NA,NA,NA,NA,NA,NA,NA,NA,"NATURAL_REEF","ROCK","Natural",NA,NA,54,NA,"",77.75111667,34.10263333,20,12,11,1215.621172,NA,NA,11,1215.621172,30529.37064,5.782077773,"Added to GIS"
0,0,0,0,1,Inf,0,372,"NR2","2016-03-15","Radiating","Spring",2,NA,NA,NA,NA,NA,NA,NA,NA,NA,"NATURAL_REEF","ROCK","Natural",NA,NA,54,NA,"",77.75111667,34.10263333,20,12,11,1215.621172,NA,NA,11,1215.621172,30529.37064,5.782077773,"Added to GIS"
1,0.00171705685695547,1,0,0,1,NA,372,"NR2","2016-03-15","Radiating","Spring",3,NA,NA,NA,NA,NA,NA,NA,NA,NA,"NATURAL_REEF","ROCK","Natural",NA,NA,54,NA,"",77.75111667,34.10263333,20,12,11,1215.621172,NA,NA,11,1215.621172,30529.37064,5.782077773,"Added to GIS"
68,6.37095518551564,3,0.810307947393288,0.509948096885813,2.04060017652251,0.737574079364847,372,"NR2","2016-03-15","Structural","Spring",0,NA,NA,NA,NA,NA,NA,NA,NA,NA,"NATURAL_REEF","ROCK","Natural",NA,NA,54,NA,"",77.75111667,34.10263333,20,12,11,1215.621172,NA,NA,11,1215.621172,30529.37064,5.782077773,"Added to GIS"
40,1.17327467320958,7,1.30691188628855,0.6475,2.83687943262411,0.671619851987011,372,"PODS","2015-09-02","Radiating","Fall",1,"AR-372_PODS_2015-09-02_R_T1",27.665,27.665,27.665,16.8427,16.3789,16.5778161490683,0.463799999999999,0.0880947422527455,"ATLANTIC_PODS","CONCRETE","Artificial",2015,1,56,NA,"",77.74803333,34.10816667,17,9,11,1154.990287,10,1277.812829,11,1154.990287,30616.24317,5.798530903,"Added to GIS"
11,0.676771368074838,2,0.304636097349238,0.165289256198347,1.1980198019802,0.439496986921513,372,"PODS","2015-09-02","Radiating","Fall",2,"AR-372_PODS_2015-09-02_R_T2",27.665,27.665,27.665,16.6275,15.8633,16.3995625,0.764200000000001,0.0905184228362074,"ATLANTIC_PODS","CONCRETE","Artificial",2015,1,56,NA,"",77.74803333,34.10816667,17,9,11,1154.990287,10,1277.812829,11,1154.990287,30616.24317,5.798530903,"Added to GIS"
13,0.643818827298748,4,1.07201696856319,0.568047337278107,2.31506849315068,0.773296782147469,372,"PODS","2015-09-02","Radiating","Fall",3,"AR-372_PODS_2015-09-02_R_T3",27.665,27.665,27.665,16.679,16.297,16.4648261904762,0.381999999999998,0.0816858046859859,"ATLANTIC_PODS","CONCRETE","Artificial",2015,1,56,NA,"",77.74803333,34.10816667,17,9,11,1154.990287,10,1277.812829,11,1154.990287,30616.24317,5.798530903,"Added to GIS"
332,3.72636047591301,10,0.836570463650613,0.36837712294963,1.58322321172077,0.363317936086706,372,"PODS","2015-09-02","Structural","Fall",0,"AR-372_PODS_2015-09-02_S",27.665,27.665,27.665,16.7235,15.3026,16.1111700704225,1.4209,0.368821201836848,"ATLANTIC_PODS","CONCRETE","Artificial",2015,1,56,NA,"",77.74803333,34.10816667,17,9,11,1154.990287,10,1277.812829,11,1154.990287,30616.24317,5.798530903,"Added to GIS"
108,0.100824722419486,4,0.336223515001136,0.140432098765432,1.16337522441652,0.242533998861198,372,"PODS","2015-12-09","Radiating","Winter",1,"AR-372_PODS_2015-12-09_R_T1",16.999,16.999,16.999,16.22055736,15.5153971,15.8600627366142,0.705160260000001,0.154619072465214,"ATLANTIC_PODS","CONCRETE","Artificial",2015,1,56,NA,"",77.74803333,34.10816667,17,9,11,1154.990287,10,1277.812829,11,1154.990287,30616.24317,5.798530903,"Added to GIS"
0,0,0,0,1,Inf,0,372,"PODS","2015-12-09","Radiating","Winter",2,"AR-372_PODS_2015-12-09_R_T2",16.999,16.999,16.999,15.8575,15.5063,15.704406557377,0.3512,0.0803592128952326,"ATLANTIC_PODS","CONCRETE","Artificial",2015,1,56,NA,"",77.74803333,34.10816667,17,9,11,1154.990287,10,1277.812829,11,1154.990287,30616.24317,5.798530903,"Added to GIS"
1,0.000431250746110371,1,0,0,1,NA,372,"PODS","2015-12-09","Radiating","Winter",3,"AR-372_PODS_2015-12-09_R_T3",16.999,16.999,16.999,15.9422,15.4549,15.740434375,0.487299999999999,0.0937397531932965,"ATLANTIC_PODS","CONCRETE","Artificial",2015,1,56,NA,"",77.74803333,34.10816667,17,9,11,1154.990287,10,1277.812829,11,1154.990287,30616.24317,5.798530903,"Added to GIS"
1029,5.26340770150896,8,0.175622692394045,0.0553907527192466,1.0586387999892,0.0844566624614856,372,"PODS","2015-12-09","Structural","Winter",0,"AR-372_PODS_2015-12-09_S",16.999,16.999,16.999,16.04152845,14.6020162,15.4869445962996,1.43951225,0.421252096216159,"ATLANTIC_PODS","CONCRETE","Artificial",2015,1,56,NA,"",77.74803333,34.10816667,17,9,11,1154.990287,10,1277.812829,11,1154.990287,30616.24317,5.798530903,"Added to GIS"
2,0.24467188507866,1,0,0,1,NA,372,"PODS","2016-03-16","Radiating","Spring",1,NA,NA,NA,NA,NA,NA,NA,NA,NA,"ATLANTIC_PODS","CONCRETE","Artificial",2015,1,56,NA,"",77.74803333,34.10816667,17,9,11,1154.990287,10,1277.812829,11,1154.990287,30616.24317,5.798530903,"Added to GIS"
0,0,0,0,1,Inf,0,372,"PODS","2016-03-16","Radiating","Spring",2,NA,NA,NA,NA,NA,NA,NA,NA,NA,"ATLANTIC_PODS","CONCRETE","Artificial",2015,1,56,NA,"",77.74803333,34.10816667,17,9,11,1154.990287,10,1277.812829,11,1154.990287,30616.24317,5.798530903,"Added to GIS"
42,15.5190408118447,5,1.31556873672539,0.705215419501134,3.39230769230769,0.817408814941941,372,"PODS","2016-03-16","Radiating","Spring",3,NA,NA,NA,NA,NA,NA,NA,NA,NA,"ATLANTIC_PODS","CONCRETE","Artificial",2015,1,56,NA,"",77.74803333,34.10816667,17,9,11,1154.990287,10,1277.812829,11,1154.990287,30616.24317,5.798530903,"Added to GIS"
48,14.8615130690408,5,0.940891623559539,0.548611111111111,2.21538461538462,0.584608835352053,372,"PODS","2016-03-16","Structural","Spring",0,NA,NA,NA,NA,NA,NA,NA,NA,NA,"ATLANTIC_PODS","CONCRETE","Artificial",2015,1,56,NA,"",77.74803333,34.10816667,17,9,11,1154.990287,10,1277.812829,11,1154.990287,30616.24317,5.798530903,"Added to GIS"
104,2.90247231355134,7,1.43493634829986,0.725406804733728,3.64175084175084,0.737411410797399,372,"PODS","2016-05-10","Structural","Spring",0,NA,NA,NA,NA,NA,NA,NA,NA,NA,"ATLANTIC_PODS","CONCRETE","Artificial",2015,1,56,NA,"",77.74803333,34.10816667,17,9,11,1154.990287,10,1277.812829,11,1154.990287,30616.24317,5.798530903,"Added to GIS"
92,3.7562682535558,3,0.314627264821135,0.142958412098299,1.16680452164323,0.286386078206507,372,"RB1","2015-09-02","Radiating","Fall",1,"AR-372_RB1_2015-09-02_R_T1",27.665,27.665,27.665,15.9392,15.3871,15.752386984127,0.552099999999999,0.0615190876244879,"REEF_BALLS","CONCRETE","Artificial",2001,15,59,11483.9038,"128 Reef Balls",77.74828333,34.105,19,11,30,541.4864663,12,1215.621172,30,541.4864663,30989.65145,5.869252168,"Added to GIS"
0,0,0,0,1,Inf,0,372,"RB1","2015-09-02","Radiating","Fall",2,"AR-372_RB1_2015-09-02_R_T2",27.665,27.665,27.665,15.8603,15.5267,15.7034598837209,0.333600000000001,0.0709686126654588,"REEF_BALLS","CONCRETE","Artificial",2001,15,59,11483.9038,"128 Reef Balls",77.74828333,34.105,19,11,30,541.4864663,12,1215.621172,30,541.4864663,30989.65145,5.869252168,"Added to GIS"
0,0,0,0,1,Inf,0,372,"RB1","2015-09-02","Radiating","Fall",3,"AR-372_RB1_2015-09-02_R_T3",27.665,27.665,27.665,15.8876,15.4113,15.6564308641975,0.4763,0.0703163328150094,"REEF_BALLS","CONCRETE","Artificial",2001,15,59,11483.9038,"128 Reef Balls",77.74828333,34.105,19,11,30,541.4864663,12,1215.621172,30,541.4864663,30989.65145,5.869252168,"Added to GIS"
559,8.48709480509762,13,0.735622071476896,0.287838300568675,1.4041754854249,0.286797893041023,372,"RB1","2015-09-02","Structural","Fall",0,"AR-372_RB1_2015-09-02_S",27.665,27.665,27.665,15.9621,14.8689,15.4591471849866,1.0932,0.317825554579767,"REEF_BALLS","CONCRETE","Artificial",2001,15,59,11483.9038,"128 Reef Balls",77.74828333,34.105,19,11,30,541.4864663,12,1215.621172,30,541.4864663,30989.65145,5.869252168,"Added to GIS"
83,0.124876953717022,4,0.410977682185668,0.179706778922921,1.21907626968678,0.296457732002652,372,"RB1","2015-12-09","Radiating","Winter",1,"AR-372_RB1_2015-12-09_R_T1",17.0051510791367,17.094,16.999,15.20367856,14.67373664,15.01203569,0.529941920000001,0.0824711545371297,"REEF_BALLS","CONCRETE","Artificial",2001,15,59,11483.9038,"128 Reef Balls",77.74828333,34.105,19,11,30,541.4864663,12,1215.621172,30,541.4864663,30989.65145,5.869252168,"Added to GIS"
0,0,0,0,1,Inf,0,372,"RB1","2015-12-09","Radiating","Winter",2,"AR-372_RB1_2015-12-09_R_T2",16.999,16.999,16.999,15.18551029,14.1921754,14.8814167079888,0.99333489,0.23683035440921,"REEF_BALLS","CONCRETE","Artificial",2001,15,59,11483.9038,"128 Reef Balls",77.74828333,34.105,19,11,30,541.4864663,12,1215.621172,30,541.4864663,30989.65145,5.869252168,"Added to GIS"
0,0,0,0,1,Inf,0,372,"RB1","2015-12-09","Radiating","Winter",3,"AR-372_RB1_2015-12-09_R_T3",16.999,16.999,16.999,15.46096033,15.00083356,15.28199891816,0.46012677,0.103493720709507,"REEF_BALLS","CONCRETE","Artificial",2001,15,59,11483.9038,"128 Reef Balls",77.74828333,34.105,19,11,30,541.4864663,12,1215.621172,30,541.4864663,30989.65145,5.869252168,"Added to GIS"
95,6.12458566784105,11,1.83144991350569,0.796897506925208,4.92362247681397,0.763773937203005,372,"RB1","2015-12-09","Structural","Winter",0,"AR-372_RB1_2015-12-09_S",17.094,17.094,17.094,15.13420364,13.95476305,14.642349169163,1.17944059,0.315382314420776,"REEF_BALLS","CONCRETE","Artificial",2001,15,59,11483.9038,"128 Reef Balls",77.74828333,34.105,19,11,30,541.4864663,12,1215.621172,30,541.4864663,30989.65145,5.869252168,"Added to GIS"
39,2.74048461187176,3,0.851185104869434,0.539119000657462,2.169757489301,0.774782071572637,372,"RB1","2016-03-16","Structural","Spring",0,NA,NA,NA,NA,NA,NA,NA,NA,NA,"REEF_BALLS","CONCRETE","Artificial",2001,15,59,11483.9038,"128 Reef Balls",77.74828333,34.105,19,11,30,541.4864663,12,1215.621172,30,541.4864663,30989.65145,5.869252168,"Added to GIS"
89,0.803397537820839,10,1.75245188150825,0.769599798005302,4.34027397260274,0.761080181940006,378,"NR1","2015-09-14","Structural","Fall",0,"AR-378_NR1_2015-09-14_S",27.173,27.173,27.173,12.07322426,11.71135585,11.8537882539316,0.36186841,0.068826930944365,"NATURAL_REEF","ROCK","Natural",NA,NA,40,NA,"",77.85966667,34.03448333,21,13,23,2332.390522,NA,NA,23,2332.390522,8998.732546,1.704305406,"Added to GIS"
23,0.509284104953618,2,0.684616277801305,0.491493383742911,1.96654275092937,0.987692508895803,378,"NR1","2016-01-20","Radiating","Winter",1,NA,NA,NA,NA,NA,NA,NA,NA,NA,"NATURAL_REEF","ROCK","Natural",NA,NA,40,NA,"",77.85966667,34.03448333,21,13,23,2332.390522,NA,NA,23,2332.390522,8998.732546,1.704305406,"Added to GIS"
0,0,0,0,1,Inf,0,378,"NR1","2016-01-20","Radiating","Winter",2,NA,NA,NA,NA,NA,NA,NA,NA,NA,"NATURAL_REEF","ROCK","Natural",NA,NA,40,NA,"",77.85966667,34.03448333,21,13,23,2332.390522,NA,NA,23,2332.390522,8998.732546,1.704305406,"Added to GIS"
0,0,0,0,1,Inf,0,378,"NR1","2016-01-20","Radiating","Winter",3,NA,NA,NA,NA,NA,NA,NA,NA,NA,"NATURAL_REEF","ROCK","Natural",NA,NA,40,NA,"",77.85966667,34.03448333,21,13,23,2332.390522,NA,NA,23,2332.390522,8998.732546,1.704305406,"Added to GIS"
18,0.484375726740769,2,0.636514168294813,0.444444444444444,1.8,0.918295834054489,378,"NR1","2016-01-20","Structural","Winter",0,NA,NA,NA,NA,NA,NA,NA,NA,NA,"NATURAL_REEF","ROCK","Natural",NA,NA,40,NA,"",77.85966667,34.03448333,21,13,23,2332.390522,NA,NA,23,2332.390522,8998.732546,1.704305406,"Added to GIS"
5,0.00776003576072956,2,0.500402423538188,0.32,1.47058823529412,0.721928094887362,378,"NR1","2016-05-10","Radiating","Spring",1,"AR-378_NR1_2016-05-10_R_T1",21.282,21.282,21.282,13.2399,12.6147,12.971372972973,0.625200000000001,0.160226319642276,"NATURAL_REEF","ROCK","Natural",NA,NA,40,NA,"",77.85966667,34.03448333,21,13,23,2332.390522,NA,NA,23,2332.390522,8998.732546,1.704305406,"Added to GIS"
0,0,0,0,1,Inf,0,378,"NR1","2016-05-10","Radiating","Spring",2,"AR-378_NR1_2016-05-10_R_T2",21.282,21.282,21.282,13.5676,13.0032,13.3008459770115,0.564400000000001,0.141861708622032,"NATURAL_REEF","ROCK","Natural",NA,NA,40,NA,"",77.85966667,34.03448333,21,13,23,2332.390522,NA,NA,23,2332.390522,8998.732546,1.704305406,"Added to GIS"
4,0,1,0,0,1,NA,378,"NR1","2016-05-10","Radiating","Spring",3,"AR-378_NR1_2016-05-10_R_T3",21.282,21.282,21.282,13.9012,13.3249,13.5728315789474,0.5763,0.126794860509942,"NATURAL_REEF","ROCK","Natural",NA,NA,40,NA,"",77.85966667,34.03448333,21,13,23,2332.390522,NA,NA,23,2332.390522,8998.732546,1.704305406,"Added to GIS"
28,1.34378094102279,7,1.65403453710152,0.778061224489796,4.50574712643678,0.850005606838788,378,"NR1","2016-05-10","Structural","Spring",0,"AR-378_NR1_2016-05-10_S",21.282,21.282,21.282,13.5206,12.6673,13.0681086614173,0.853300000000001,0.238578323974363,"NATURAL_REEF","ROCK","Natural",NA,NA,40,NA,"",77.85966667,34.03448333,21,13,23,2332.390522,NA,NA,23,2332.390522,8998.732546,1.704305406,"Added to GIS"
14,2.05200610009476,3,0.796311640173813,0.448979591836735,1.81481481481481,0.72483409150576,378,"PIPES","2015-09-14","Radiating","Fall",1,"AR-378_PIPES_2015-09-14_R_T1",27.075,27.075,27.075,11.5648,11.2331,11.3873525974026,0.3317,0.058658344104472,"PIPES","CONCRETE","Artificial",2008,8,38,11582.7721,"115 Tons Consolidated Concrete",77.871,34.03175,23,14,32,425.4530724,13,3575.309234,32,425.4530724,5976.128584,1.131842535,"Added to GIS, ""378WRK"" "
1,0.0451324376315393,1,0,0,1,NA,378,"PIPES","2015-09-14","Radiating","Fall",2,"AR-378_PIPES_2015-09-14_R_T2",27.075,27.075,27.075,11.7046,11.3123,11.470867721519,0.392299999999999,0.0834424049193484,"PIPES","CONCRETE","Artificial",2008,8,38,11582.7721,"115 Tons Consolidated Concrete",77.871,34.03175,23,14,32,425.4530724,13,3575.309234,32,425.4530724,5976.128584,1.131842535,"Added to GIS, ""378WRK"" "
85,8.72159250687634,10,1.87574642308014,0.815778546712803,5.4282494365139,0.814626320993466,378,"PIPES","2015-09-14","Structural","Fall",0,"AR-378_PIPES_2015-09-14_S",27.075,27.075,27.075,11.85057788,10.09812227,11.1590664448544,1.75245561,0.37468636862621,"PIPES","CONCRETE","Artificial",2008,8,38,11582.7721,"115 Tons Consolidated Concrete",77.871,34.03175,23,14,32,425.4530724,13,3575.309234,32,425.4530724,5976.128584,1.131842535,"Added to GIS, ""378WRK"" "
7,0.340334061373822,3,0.796311640173813,0.448979591836735,1.81481481481481,0.72483409150576,378,"PIPES","2016-01-21","Radiating","Winter",1,"AR-378_PIPES_2016-01-21_R_T1",12.11,12.11,12.11,11.6546,10.663,11.3314908536585,0.9916,0.267929479965997,"PIPES","CONCRETE","Artificial",2008,8,38,11582.7721,"115 Tons Consolidated Concrete",77.871,34.03175,23,14,32,425.4530724,13,3575.309234,32,425.4530724,5976.128584,1.131842535,"Added to GIS, ""378WRK"" "
0,0,0,0,1,Inf,0,378,"PIPES","2016-01-21","Radiating","Winter",2,"AR-378_PIPES_2016-01-21_R_T2",12.11,12.11,12.11,11.7303,11.315,11.584980141844,0.4153,0.0864557716984803,"PIPES","CONCRETE","Artificial",2008,8,38,11582.7721,"115 Tons Consolidated Concrete",77.871,34.03175,23,14,32,425.4530724,13,3575.309234,32,425.4530724,5976.128584,1.131842535,"Added to GIS, ""378WRK"" "
0,0,0,0,1,Inf,0,378,"PIPES","2016-01-21","Radiating","Winter",3,"AR-378_PIPES_2016-01-21_R_T3",12.0618391608392,12.11,12.013,11.92971533,11.59635818,11.7348869032168,0.333357150000001,0.0611462160441266,"PIPES","CONCRETE","Artificial",2008,8,38,11582.7721,"115 Tons Consolidated Concrete",77.871,34.03175,23,14,32,425.4530724,13,3575.309234,32,425.4530724,5976.128584,1.131842535,"Added to GIS, ""378WRK"" "
43,0.32305660671597,4,0.82054740078833,0.456462952947539,1.83980099502488,0.591899832965826,378,"PIPES","2016-01-21","Structural","Winter",0,"AR-378_PIPES_2016-01-21_S",12.11,12.11,12.11,11.6032,9.6692,10.8878173469388,1.934,0.410211486549975,"PIPES","CONCRETE","Artificial",2008,8,38,11582.7721,"115 Tons Consolidated Concrete",77.871,34.03175,23,14,32,425.4530724,13,3575.309234,32,425.4530724,5976.128584,1.131842535,"Added to GIS, ""378WRK"" "
1,0.11108293,1,0,0,1,NA,378,"PODS","2015-09-14","Radiating","Fall",2,"AR-378_PODS_2015-09-14_R_T2",27.1457159090909,27.173,27.075,13.5622,13.2706,13.4314602272727,0.291600000000001,0.053087797984143,"ATLANTIC_PODS","CONCRETE","Artificial",2015,1,45,NA,"",77.8665,34.03153333,22,23,33,546.5150004,NA,NA,33,546.5150004,7323.485692,1.387023805,"NOT in GIS"
1,0.11108293,1,0,0,1,NA,378,"PODS","2015-09-14","Radiating","Fall",3,"AR-378_PODS_2015-09-14_R_T3",27.075,27.075,27.075,13.5647,13.3551,13.4634994011976,0.2096,0.0497223295902377,"ATLANTIC_PODS","CONCRETE","Artificial",2015,1,45,NA,"",77.8665,34.03153333,22,23,33,546.5150004,NA,NA,33,546.5150004,7323.485692,1.387023805,"NOT in GIS"
49,8.5407563635379,12,2.16023284616437,0.854643898375677,6.87965616045845,0.869341649654595,378,"PODS","2015-09-14","Structural","Fall",0,"AR-378_PODS_2015-09-14_S",27.173,27.173,27.173,13.81438424,12.62038181,13.35937234412,1.19400243,0.352387620388161,"ATLANTIC_PODS","CONCRETE","Artificial",2015,1,45,NA,"",77.8665,34.03153333,22,23,33,546.5150004,NA,NA,33,546.5150004,7323.485692,1.387023805,"NOT in GIS"
0,0,0,0,1,Inf,0,378,"PODS","2016-01-20","Radiating","Winter",1,NA,NA,NA,NA,NA,NA,NA,NA,NA,"ATLANTIC_PODS","CONCRETE","Artificial",2015,1,45,NA,"",77.8665,34.03153333,22,23,33,546.5150004,NA,NA,33,546.5150004,7323.485692,1.387023805,"NOT in GIS"
3,0,1,0,0,1,NA,378,"PODS","2016-01-20","Radiating","Winter",2,NA,NA,NA,NA,NA,NA,NA,NA,NA,"ATLANTIC_PODS","CONCRETE","Artificial",2015,1,45,NA,"",77.8665,34.03153333,22,23,33,546.5150004,NA,NA,33,546.5150004,7323.485692,1.387023805,"NOT in GIS"
1,0.0790540137504668,1,0,0,1,NA,378,"PODS","2016-01-20","Radiating","Winter",3,NA,NA,NA,NA,NA,NA,NA,NA,NA,"ATLANTIC_PODS","CONCRETE","Artificial",2015,1,45,NA,"",77.8665,34.03153333,22,23,33,546.5150004,NA,NA,33,546.5150004,7323.485692,1.387023805,"NOT in GIS"
25,1.82201058165221,2,0.439669879401343,0.2688,1.36761487964989,0.634309554640566,378,"PODS","2016-01-20","Structural","Winter",0,NA,NA,NA,NA,NA,NA,NA,NA,NA,"ATLANTIC_PODS","CONCRETE","Artificial",2015,1,45,NA,"",77.8665,34.03153333,22,23,33,546.5150004,NA,NA,33,546.5150004,7323.485692,1.387023805,"NOT in GIS"
6,0.52436120991883,2,0.636514168294813,0.444444444444444,1.8,0.918295834054489,378,"PODS","2016-03-17","Radiating","Spring",1,"AR-378_PODS_2016-03-17_R_T1",13.846,13.846,13.846,13.0274,12.6305,12.8386968421053,0.3969,0.0952640099180499,"ATLANTIC_PODS","CONCRETE","Artificial",2015,1,45,NA,"",77.8665,34.03153333,22,23,33,546.5150004,NA,NA,33,546.5150004,7323.485692,1.387023805,"NOT in GIS"
0,0,0,0,1,Inf,0,378,"PODS","2016-03-17","Radiating","Spring",2,"AR-378_PODS_2016-03-17_R_T2",13.846,13.846,13.846,13.0668,12.4578,12.859531,0.609,0.106475656339509,"ATLANTIC_PODS","CONCRETE","Artificial",2015,1,45,NA,"",77.8665,34.03153333,22,23,33,546.5150004,NA,NA,33,546.5150004,7323.485692,1.387023805,"NOT in GIS"
1,0,1,0,0,1,NA,378,"PODS","2016-03-17","Radiating","Spring",3,"AR-378_PODS_2016-03-17_R_T3",13.8557777777778,13.942,13.846,13.0365,12.7001,12.8553092592593,0.336399999999999,0.063950530730828,"ATLANTIC_PODS","CONCRETE","Artificial",2015,1,45,NA,"",77.8665,34.03153333,22,23,33,546.5150004,NA,NA,33,546.5150004,7323.485692,1.387023805,"NOT in GIS"
18,3.56138134998093,2,0.348832095843032,0.197530864197531,1.24615384615385,0.503258334775646,378,"PODS","2016-03-17","Structural","Spring",0,"AR-378_PODS_2016-03-17_S",13.846,13.846,13.846,12.79566819,11.61234898,12.349379156069,1.18331921,0.311607693237489,"ATLANTIC_PODS","CONCRETE","Artificial",2015,1,45,NA,"",77.8665,34.03153333,22,23,33,546.5150004,NA,NA,33,546.5150004,7323.485692,1.387023805,"NOT in GIS"
97,16.2761678430739,7,1.68753708398986,0.777553406313104,4.49546106067845,0.867222510149874,378,"PODS","2016-05-10","Structural","Spring",0,NA,NA,NA,NA,NA,NA,NA,NA,NA,"ATLANTIC_PODS","CONCRETE","Artificial",2015,1,45,NA,"",77.8665,34.03153333,22,23,33,546.5150004,NA,NA,33,546.5150004,7323.485692,1.387023805,"NOT in GIS"
4,0.0563609553055864,2,0.562335144618808,0.375,1.6,0.811278124459133,378,"RB1","2015-09-15","Structural","Fall",0,NA,NA,NA,NA,NA,NA,NA,NA,NA,"REEF_BALLS","CONCRETE","Artificial",2001,15,41,21198.3833,"100 Reef Balls",77.87091667,34.0297,24,15,31,264.4139747,13,3827.72545,31,264.4139747,6043.742254,1.144648154,"Added to GIS, ""378RB"""
2,0.0329306001313572,2,0.693147180559945,0.5,2,1,378,"RB1","2015-09-21","Structural","Fall",0,NA,NA,NA,NA,NA,NA,NA,NA,NA,"REEF_BALLS","CONCRETE","Artificial",2001,15,41,21198.3833,"100 Reef Balls",77.87091667,34.0297,24,15,31,264.4139747,13,3827.72545,31,264.4139747,6043.742254,1.144648154,"Added to GIS, ""378RB"""
0,0,0,0,1,Inf,0,378,"RB1","2016-01-20","Radiating","Winter",1,NA,NA,NA,NA,NA,NA,NA,NA,NA,"REEF_BALLS","CONCRETE","Artificial",2001,15,41,21198.3833,"100 Reef Balls",77.87091667,34.0297,24,15,31,264.4139747,13,3827.72545,31,264.4139747,6043.742254,1.144648154,"Added to GIS, ""378RB"""
0,0,0,0,1,Inf,0,378,"RB1","2016-01-20","Radiating","Winter",2,NA,NA,NA,NA,NA,NA,NA,NA,NA,"REEF_BALLS","CONCRETE","Artificial",2001,15,41,21198.3833,"100 Reef Balls",77.87091667,34.0297,24,15,31,264.4139747,13,3827.72545,31,264.4139747,6043.742254,1.144648154,"Added to GIS, ""378RB"""
1,0,1,0,0,1,NA,378,"RB1","2016-01-20","Radiating","Winter",3,NA,NA,NA,NA,NA,NA,NA,NA,NA,"REEF_BALLS","CONCRETE","Artificial",2001,15,41,21198.3833,"100 Reef Balls",77.87091667,34.0297,24,15,31,264.4139747,13,3827.72545,31,264.4139747,6043.742254,1.144648154,"Added to GIS, ""378RB"""
3,0.191309632118288,1,0,0,1,NA,378,"RB1","2016-01-20","Structural","Winter",0,NA,NA,NA,NA,NA,NA,NA,NA,NA,"REEF_BALLS","CONCRETE","Artificial",2001,15,41,21198.3833,"100 Reef Balls",77.87091667,34.0297,24,15,31,264.4139747,13,3827.72545,31,264.4139747,6043.742254,1.144648154,"Added to GIS, ""378RB"""
6,0.0164458020607302,2,0.450561208866305,0.277777777777778,1.38461538461538,0.650022421648354,378,"RB1","2016-05-10","Radiating","Spring",1,"AR-378_RB1_2016-05-10_R_T1",21.091,21.091,21.091,13.3418,12.7227,13.0277518072289,0.6191,0.138316564587822,"REEF_BALLS","CONCRETE","Artificial",2001,15,41,21198.3833,"100 Reef Balls",77.87091667,34.0297,24,15,31,264.4139747,13,3827.72545,31,264.4139747,6043.742254,1.144648154,"Added to GIS, ""378RB"""
0,0,0,0,1,Inf,0,378,"RB1","2016-05-10","Radiating","Spring",2,"AR-378_RB1_2016-05-10_R_T2",21.091,21.091,21.091,13.0838,12.6256,12.79905,0.4582,0.0993708285477437,"REEF_BALLS","CONCRETE","Artificial",2001,15,41,21198.3833,"100 Reef Balls",77.87091667,34.0297,24,15,31,264.4139747,13,3827.72545,31,264.4139747,6043.742254,1.144648154,"Added to GIS, ""378RB"""
0,0,0,0,1,Inf,0,378,"RB1","2016-05-10","Radiating","Spring",3,"AR-378_RB1_2016-05-10_R_T3",21.091,21.091,21.091,12.9473,12.2431,12.6001472527473,0.7042,0.170835146878608,"REEF_BALLS","CONCRETE","Artificial",2001,15,41,21198.3833,"100 Reef Balls",77.87091667,34.0297,24,15,31,264.4139747,13,3827.72545,31,264.4139747,6043.742254,1.144648154,"Added to GIS, ""378RB"""
