"ID","Sample_Number","Date","Time","Abs_Pres_psi","Temp_C","Abs_Pres_m","Trans_Dist_m","NA","dist_cm","dist_m_scaled","semivar","semivar4","semivar8","semivar12","semivar16","semivar20","semivar24","semivar28","semivar32","semivar36","semivar40","semivar44","semivar48","semivar52","semivar56","semivar60","semivar64","semivar68","semivar72","semivar76","semivar80","semivar84","semivar88","semivar92","semivar96","semivar100","semivar104","semivar108","semivar112","semivar116","semivar120","semivar124","semivar128","semivar132","semivar136","semivar140","semivar144","semivar148","semivar152","semivar156","semivar160","semivar164","semivar168","semivar172","semivar176","semivar180","semivar184","semivar188","semivar192","semivar196","semivar200","semivar204","semivar208","semivar212","semivar216","semivar220","semivar224","semivar228","semivar232","semivar236","semivar240","semivar244","semivar248","semivar252","semivar256","semivar260","semivar264","semivar268","semivar272","semivar276","semivar280","semivar284","semivar288","semivar292","semivar296","semivar300"
"AR-342_PIPES_2015-10-14_R_T2",194,"10/14/2015","12:52:39 PM",38.6166,23.292,16.277,NA,"AR-342_PIPES_2015-10-14_R_T2_final.csv",0,0,0.21695614,"NA","NA","NA","NA","NA","NA","NA","NA","NA","NA","NA","NA","NA","NA","NA","NA","NA","NA","NA","NA","NA","NA","NA","NA","NA","NA","NA","NA","NA","NA","NA","NA","NA","NA","NA","NA","NA","NA","NA","NA","NA","NA","NA","NA","NA","NA","NA","NA","NA","NA","NA","NA","NA","NA","NA","NA","NA","NA","NA","NA","NA","NA","NA","NA","NA","NA","NA","NA","NA","NA","NA","NA","NA","NA","NA"
"AR-342_PIPES_2015-10-14_R_T2",195,"10/14/2015","12:52:40 PM",38.6745,23.292,16.3164,NA,"AR-342_PIPES_2015-10-14_R_T2_final.csv",10,0.405405405405405,0.498382070000001,"0.00155236000000004","NA","NA","NA","NA","NA","NA","NA","NA","NA","NA","NA","NA","NA","NA","NA","NA","NA","NA","NA","NA","NA","NA","NA","NA","NA","NA","NA","NA","NA","NA","NA","NA","NA","NA","NA","NA","NA","NA","NA","NA","NA","NA","NA","NA","NA","NA","NA","NA","NA","NA","NA","NA","NA","NA","NA","NA","NA","NA","NA","NA","NA","NA","NA","NA","NA","NA","NA","NA","NA","NA","NA","NA","NA","NA"
"AR-342_PIPES_2015-10-14_R_T2",196,"10/14/2015","12:52:41 PM",38.7679,23.292,16.38,NA,"AR-342_PIPES_2015-10-14_R_T2_final.csv",20,0.810810810810811,0.710090435000002,"0.00404495999999967","0.0106089999999996","NA","NA","NA","NA","NA","NA","NA","NA","NA","NA","NA","NA","NA","NA","NA","NA","NA","NA","NA","NA","NA","NA","NA","NA","NA","NA","NA","NA","NA","NA","NA","NA","NA","NA","NA","NA","NA","NA","NA","NA","NA","NA","NA","NA","NA","NA","NA","NA","NA","NA","NA","NA","NA","NA","NA","NA","NA","NA","NA","NA","NA","NA","NA","NA","NA","NA","NA","NA","NA","NA","NA","NA","NA"
"AR-342_PIPES_2015-10-14_R_T2",197,"10/14/2015","12:52:42 PM",38.7679,23.292,16.38,NA,"AR-342_PIPES_2015-10-14_R_T2_final.csv",30,1.21621621621622,0.755967595000002,"0","0.00404495999999967","0.0106089999999996","NA","NA","NA","NA","NA","NA","NA","NA","NA","NA","NA","NA","NA","NA","NA","NA","NA","NA","NA","NA","NA","NA","NA","NA","NA","NA","NA","NA","NA","NA","NA","NA","NA","NA","NA","NA","NA","NA","NA","NA","NA","NA","NA","NA","NA","NA","NA","NA","NA","NA","NA","NA","NA","NA","NA","NA","NA","NA","NA","NA","NA","NA","NA","NA","NA","NA","NA","NA","NA","NA","NA","NA"
"AR-342_PIPES_2015-10-14_R_T2",198,"10/14/2015","12:52:43 PM",38.6566,23.292,16.3043,NA,"AR-342_PIPES_2015-10-14_R_T2_final.csv",40,1.62162162162162,0.680352815000002,"0.00573048999999965","0.00573048999999965","0.000146410000000005","0.000745290000000018","NA","NA","NA","NA","NA","NA","NA","NA","NA","NA","NA","NA","NA","NA","NA","NA","NA","NA","NA","NA","NA","NA","NA","NA","NA","NA","NA","NA","NA","NA","NA","NA","NA","NA","NA","NA","NA","NA","NA","NA","NA","NA","NA","NA","NA","NA","NA","NA","NA","NA","NA","NA","NA","NA","NA","NA","NA","NA","NA","NA","NA","NA","NA","NA","NA","NA","NA","NA","NA","NA","NA"
"AR-342_PIPES_2015-10-14_R_T2",199,"10/14/2015","12:52:44 PM",38.5409,23.292,16.2255,NA,"AR-342_PIPES_2015-10-14_R_T2_final.csv",50,2.02702702702703,0.58961227,"0.00620944000000017","0.0238702499999996","0.0238702499999996","0.00826281000000024","0.00265225000000008","NA","NA","NA","NA","NA","NA","NA","NA","NA","NA","NA","NA","NA","NA","NA","NA","NA","NA","NA","NA","NA","NA","NA","NA","NA","NA","NA","NA","NA","NA","NA","NA","NA","NA","NA","NA","NA","NA","NA","NA","NA","NA","NA","NA","NA","NA","NA","NA","NA","NA","NA","NA","NA","NA","NA","NA","NA","NA","NA","NA","NA","NA","NA","NA","NA","NA","NA","NA","NA","NA"
"AR-342_PIPES_2015-10-14_R_T2",200,"10/14/2015","12:52:45 PM",38.4652,23.292,16.174,NA,"AR-342_PIPES_2015-10-14_R_T2_final.csv",60,2.43243243243243,0.57190087,"0.00265225000000008","0.0169780900000005","0.0424359999999998","0.0424359999999998","0.0202777600000006","0.0106090000000003","NA","NA","NA","NA","NA","NA","NA","NA","NA","NA","NA","NA","NA","NA","NA","NA","NA","NA","NA","NA","NA","NA","NA","NA","NA","NA","NA","NA","NA","NA","NA","NA","NA","NA","NA","NA","NA","NA","NA","NA","NA","NA","NA","NA","NA","NA","NA","NA","NA","NA","NA","NA","NA","NA","NA","NA","NA","NA","NA","NA","NA","NA","NA","NA","NA","NA","NA","NA","NA"
"AR-342_PIPES_2015-10-14_R_T2",201,"10/14/2015","12:52:46 PM",38.4206,23.292,16.1437,NA,"AR-342_PIPES_2015-10-14_R_T2_final.csv",70,2.83783783783784,0.620060775,"0.000918090000000027","0.0066912400000002","0.0257923600000007","0.05583769","0.05583769","0.0298252900000009","0.0177688900000005","NA","NA","NA","NA","NA","NA","NA","NA","NA","NA","NA","NA","NA","NA","NA","NA","NA","NA","NA","NA","NA","NA","NA","NA","NA","NA","NA","NA","NA","NA","NA","NA","NA","NA","NA","NA","NA","NA","NA","NA","NA","NA","NA","NA","NA","NA","NA","NA","NA","NA","NA","NA","NA","NA","NA","NA","NA","NA","NA","NA","NA","NA","NA","NA","NA","NA","NA","NA"
"AR-342_PIPES_2015-10-14_R_T2",202,"10/14/2015","12:52:47 PM",38.2827,23.292,16.0498,NA,"AR-342_PIPES_2015-10-14_R_T2_final.csv",80,3.24324324324324,0.707034205000001,"0.0088172099999996","0.0154256399999996","0.0308704899999997","0.0647702500000001","0.109032039999999","0.109032039999999","0.0710755600000002","0.0516198399999999","NA","NA","NA","NA","NA","NA","NA","NA","NA","NA","NA","NA","NA","NA","NA","NA","NA","NA","NA","NA","NA","NA","NA","NA","NA","NA","NA","NA","NA","NA","NA","NA","NA","NA","NA","NA","NA","NA","NA","NA","NA","NA","NA","NA","NA","NA","NA","NA","NA","NA","NA","NA","NA","NA","NA","NA","NA","NA","NA","NA","NA","NA","NA","NA","NA","NA","NA"
"AR-342_PIPES_2015-10-14_R_T2",203,"10/14/2015","12:52:48 PM",38.3049,23.292,16.0649,NA,"AR-342_PIPES_2015-10-14_R_T2_final.csv",90,3.64864864864865,0.785534160000001,"0.00022801000000001","0.00620943999999961","0.0119028099999996","0.0257923599999996","0.0573123599999999","0.0992880099999984","0.0992880099999984","0.06325225","0.0449864099999998","NA","NA","NA","NA","NA","NA","NA","NA","NA","NA","NA","NA","NA","NA","NA","NA","NA","NA","NA","NA","NA","NA","NA","NA","NA","NA","NA","NA","NA","NA","NA","NA","NA","NA","NA","NA","NA","NA","NA","NA","NA","NA","NA","NA","NA","NA","NA","NA","NA","NA","NA","NA","NA","NA","NA","NA","NA","NA","NA","NA","NA","NA","NA","NA","NA","NA"
"AR-342_PIPES_2015-10-14_R_T2",204,"10/14/2015","12:52:49 PM",38.3182,23.292,16.074,NA,"AR-342_PIPES_2015-10-14_R_T2_final.csv",100,4.05405405405405,0.897639600000002,"8.2810000000002e-05","0.000585640000000021","0.00485808999999964","0.00999999999999957","0.0229522499999996","0.0530380899999999","0.0936359999999984","0.0936359999999984","0.05875776","0.0412089999999998","NA","NA","NA","NA","NA","NA","NA","NA","NA","NA","NA","NA","NA","NA","NA","NA","NA","NA","NA","NA","NA","NA","NA","NA","NA","NA","NA","NA","NA","NA","NA","NA","NA","NA","NA","NA","NA","NA","NA","NA","NA","NA","NA","NA","NA","NA","NA","NA","NA","NA","NA","NA","NA","NA","NA","NA","NA","NA","NA","NA","NA","NA","NA","NA","NA"
"AR-342_PIPES_2015-10-14_R_T2",205,"10/14/2015","12:52:50 PM",38.2961,23.292,16.0589,NA,"AR-342_PIPES_2015-10-14_R_T2_final.csv",110,4.45945945945946,1.035853715,"0.00022801000000001","3.60000000000027e-05","8.2810000000002e-05","0.00719103999999962","0.0132480099999996","0.0277555599999997","0.06022116","0.103105209999999","0.103105209999999","0.0663062500000001","0.0475676099999999","NA","NA","NA","NA","NA","NA","NA","NA","NA","NA","NA","NA","NA","NA","NA","NA","NA","NA","NA","NA","NA","NA","NA","NA","NA","NA","NA","NA","NA","NA","NA","NA","NA","NA","NA","NA","NA","NA","NA","NA","NA","NA","NA","NA","NA","NA","NA","NA","NA","NA","NA","NA","NA","NA","NA","NA","NA","NA","NA","NA","NA","NA","NA","NA"
"AR-342_PIPES_2015-10-14_R_T2",206,"10/14/2015","12:52:51 PM",38.2425,23.292,16.0225,NA,"AR-342_PIPES_2015-10-14_R_T2_final.csv",120,4.86486486486486,1.13482264,"0.00132496000000003","0.00265225000000008","0.00179776000000006","0.000745290000000018","0.0146894399999996","0.0229522499999996","0.0412089999999998","0.0794112400000003","0.127806249999999","0.127806249999999","0.0863772100000004","0.0647702500000001","NA","NA","NA","NA","NA","NA","NA","NA","NA","NA","NA","NA","NA","NA","NA","NA","NA","NA","NA","NA","NA","NA","NA","NA","NA","NA","NA","NA","NA","NA","NA","NA","NA","NA","NA","NA","NA","NA","NA","NA","NA","NA","NA","NA","NA","NA","NA","NA","NA","NA","NA","NA","NA","NA","NA","NA","NA","NA","NA","NA","NA","NA","NA"
"AR-342_PIPES_2015-10-14_R_T2",207,"10/14/2015","12:52:52 PM",38.1668,23.292,15.971,NA,"AR-342_PIPES_2015-10-14_R_T2_final.csv",130,5.27027027027027,1.11763663,"0.00265225000000008","0.00772641000000021","0.0106090000000003","0.00881721000000027","0.00620944000000017","0.0298252899999996","0.0412089999999998","0.0647702500000001","0.111088890000001","0.167280999999999","0.167280999999999","0.119301160000001","0.0936360000000006","NA","NA","NA","NA","NA","NA","NA","NA","NA","NA","NA","NA","NA","NA","NA","NA","NA","NA","NA","NA","NA","NA","NA","NA","NA","NA","NA","NA","NA","NA","NA","NA","NA","NA","NA","NA","NA","NA","NA","NA","NA","NA","NA","NA","NA","NA","NA","NA","NA","NA","NA","NA","NA","NA","NA","NA","NA","NA","NA","NA","NA","NA"
"AR-342_PIPES_2015-10-14_R_T2",208,"10/14/2015","12:52:53 PM",38.1223,23.292,15.9407,NA,"AR-342_PIPES_2015-10-14_R_T2_final.csv",140,5.67567567567568,1.002777305,"0.000918090000000027","0.0066912400000002","0.0139712400000004","0.0177688900000005","0.0154256400000005","0.0119028100000003","0.0412089999999998","0.0544288899999999","0.0811110400000003","0.132204960000001","0.192984489999999","0.192984489999999","0.141150490000001","0.113097690000001","NA","NA","NA","NA","NA","NA","NA","NA","NA","NA","NA","NA","NA","NA","NA","NA","NA","NA","NA","NA","NA","NA","NA","NA","NA","NA","NA","NA","NA","NA","NA","NA","NA","NA","NA","NA","NA","NA","NA","NA","NA","NA","NA","NA","NA","NA","NA","NA","NA","NA","NA","NA","NA","NA","NA","NA","NA","NA","NA","NA","NA"
"AR-342_PIPES_2015-10-14_R_T2",209,"10/14/2015","12:52:54 PM",38.1001,23.292,15.9256,40,"AR-342_PIPES_2015-10-14_R_T2_final.csv",150,6.08108108108108,0.892296260000003,"0.00022801000000001","0.00206116000000007","0.0093896100000003","0.0177688900000005","0.0220225600000007","0.0194044900000006","0.0154256400000005","0.0475676099999999","0.0617025600000001","0.0899400100000006","0.143413690000002","0.20647936","0.20647936","0.152724640000002","0.123481960000001","NA","NA","NA","NA","NA","NA","NA","NA","NA","NA","NA","NA","NA","NA","NA","NA","NA","NA","NA","NA","NA","NA","NA","NA","NA","NA","NA","NA","NA","NA","NA","NA","NA","NA","NA","NA","NA","NA","NA","NA","NA","NA","NA","NA","NA","NA","NA","NA","NA","NA","NA","NA","NA","NA","NA","NA","NA","NA","NA","NA"
"AR-342_PIPES_2015-10-14_R_T2",210,"10/14/2015","12:52:55 PM",37.7261,23.292,15.6711,NA,"AR-342_PIPES_2015-10-14_R_T2_final.csv",160,6.48648648648649,0.739587305000001,"0.0647702500000001","0.0726841600000003","0.0899400100000006","0.123481960000001","0.150388840000002","0.162328410000002","0.155078440000002","0.143413690000002","0.22335076","0.25290841","0.307359360000001","0.400942240000003","0.50253921","0.50253921","0.416412090000003","0.367114810000002","NA","NA","NA","NA","NA","NA","NA","NA","NA","NA","NA","NA","NA","NA","NA","NA","NA","NA","NA","NA","NA","NA","NA","NA","NA","NA","NA","NA","NA","NA","NA","NA","NA","NA","NA","NA","NA","NA","NA","NA","NA","NA","NA","NA","NA","NA","NA","NA","NA","NA","NA","NA","NA","NA","NA","NA","NA","NA","NA"
"AR-342_PIPES_2015-10-14_R_T2",217,"10/14/2015","12:53:02 PM",38.2382,23.292,16.0195,NA,"AR-342_PIPES_2015-10-14_R_T2_final.csv",170,6.89189189189189,0.829019860000001,"0.121382560000001","0.00881721000000027","0.00620944000000017","0.00235225000000006","9.00000000000068e-06","0.00155236000000004","0.0029702500000001","0.00206116000000007","0.000918090000000027","0.0154256399999996","0.0238702499999996","0.0424359999999998","0.0811110400000003","0.129960249999999","0.129960249999999","0.0881496100000005","0.0663062500000001","NA","NA","NA","NA","NA","NA","NA","NA","NA","NA","NA","NA","NA","NA","NA","NA","NA","NA","NA","NA","NA","NA","NA","NA","NA","NA","NA","NA","NA","NA","NA","NA","NA","NA","NA","NA","NA","NA","NA","NA","NA","NA","NA","NA","NA","NA","NA","NA","NA","NA","NA","NA","NA","NA","NA","NA","NA","NA"
"AR-342_PIPES_2015-10-14_R_T2",218,"10/14/2015","12:53:03 PM",38.2827,23.292,16.0498,NA,"AR-342_PIPES_2015-10-14_R_T2_final.csv",180,7.2972972972973,0.998909990000002,"0.000918090000000027","0.143413690000002","0.0154256400000005","0.0119028100000003","0.00620944000000017","0.000745290000000018","8.2810000000002e-05","0.000585640000000021","0.00022801000000001","0","0.0088172099999996","0.0154256399999996","0.0308704899999997","0.0647702500000001","0.109032039999999","0.109032039999999","0.0710755600000002","0.0516198399999999","NA","NA","NA","NA","NA","NA","NA","NA","NA","NA","NA","NA","NA","NA","NA","NA","NA","NA","NA","NA","NA","NA","NA","NA","NA","NA","NA","NA","NA","NA","NA","NA","NA","NA","NA","NA","NA","NA","NA","NA","NA","NA","NA","NA","NA","NA","NA","NA","NA","NA","NA","NA","NA","NA","NA","NA","NA"
"AR-342_PIPES_2015-10-14_R_T2",219,"10/14/2015","12:53:04 PM",38.2203,23.292,16.0074,NA,"AR-342_PIPES_2015-10-14_R_T2_final.csv",190,7.7027027027027,1.15029771,"0.00179776000000006","0.000146410000000005","0.113097690000001","0.0066912400000002","0.00444889000000012","0.00132496000000003","0.00022801000000001","0.00265225000000008","0.00443556000000015","0.00330625000000011","0.00179776000000006","0.0185776899999996","0.0277555599999997","0.0475676099999999","0.0881496100000005","0.138830759999999","0.138830759999999","0.0954810000000006","0.0726841600000003","NA","NA","NA","NA","NA","NA","NA","NA","NA","NA","NA","NA","NA","NA","NA","NA","NA","NA","NA","NA","NA","NA","NA","NA","NA","NA","NA","NA","NA","NA","NA","NA","NA","NA","NA","NA","NA","NA","NA","NA","NA","NA","NA","NA","NA","NA","NA","NA","NA","NA","NA","NA","NA","NA","NA","NA"
"AR-342_PIPES_2015-10-14_R_T2",220,"10/14/2015","12:53:05 PM",38.0911,23.292,15.9195,NA,"AR-342_PIPES_2015-10-14_R_T2_final.csv",200,8.10810810810811,1.19181536,"0.00772641000000021","0.0169780900000005","0.0100000000000003","0.0617025600000001","3.72099999999999e-05","0.000449440000000014","0.00265225000000008","0.0106090000000003","0.0194323600000005","0.0238702500000007","0.0211411600000006","0.0169780900000005","0.0502656399999999","0.0647702500000001","0.0936360000000006","0.148071040000002","0.21206025","0.21206025","0.157529610000002","0.127806250000001","NA","NA","NA","NA","NA","NA","NA","NA","NA","NA","NA","NA","NA","NA","NA","NA","NA","NA","NA","NA","NA","NA","NA","NA","NA","NA","NA","NA","NA","NA","NA","NA","NA","NA","NA","NA","NA","NA","NA","NA","NA","NA","NA","NA","NA","NA","NA","NA","NA","NA","NA","NA","NA","NA","NA"
"AR-342_PIPES_2015-10-14_R_T2",221,"10/14/2015","12:53:06 PM",37.9799,23.292,15.8438,NA,"AR-342_PIPES_2015-10-14_R_T2_final.csv",210,8.51351351351351,1.11677012,"0.00573048999999991","0.0267649600000002","0.0424360000000005","0.0308704900000003","0.0298252900000003","0.00669123999999991","0.00938960999999995","0.0161798400000001","0.0319336900000003","0.0462680100000006","0.0529920400000008","0.0488852100000007","0.0424360000000005","0.0899400099999995","0.10903204","0.14569489","0.212060250000001","0.287510439999999","0.287510439999999","0.223350760000002","0.187662240000001","NA","NA","NA","NA","NA","NA","NA","NA","NA","NA","NA","NA","NA","NA","NA","NA","NA","NA","NA","NA","NA","NA","NA","NA","NA","NA","NA","NA","NA","NA","NA","NA","NA","NA","NA","NA","NA","NA","NA","NA","NA","NA","NA","NA","NA","NA","NA","NA","NA","NA","NA","NA","NA","NA"
"AR-342_PIPES_2015-10-14_R_T2",222,"10/14/2015","12:53:07 PM",37.9308,23.292,15.8104,NA,"AR-342_PIPES_2015-10-14_R_T2_final.csv",220,8.91891891891892,0.975892665000003,"0.00111556000000002","0.0119028099999999","0.0388090000000004","0.0573123600000008","0.0437228100000005","0.0194044900000001","0.0132710399999999","0.01697809","0.0257923600000002","0.0449864100000005","0.0617522500000009","0.0694849600000011","0.064770250000001","0.0573123600000008","0.11108889","0.13220496","0.172308010000001","0.243937210000002","0.324444159999999","0.324444159999999","0.256036000000002","0.217715560000001","NA","NA","NA","NA","NA","NA","NA","NA","NA","NA","NA","NA","NA","NA","NA","NA","NA","NA","NA","NA","NA","NA","NA","NA","NA","NA","NA","NA","NA","NA","NA","NA","NA","NA","NA","NA","NA","NA","NA","NA","NA","NA","NA","NA","NA","NA","NA","NA","NA","NA","NA","NA","NA"
"AR-342_PIPES_2015-10-14_R_T2",223,"10/14/2015","12:53:08 PM",37.9977,23.292,15.8559,NA,"AR-342_PIPES_2015-10-14_R_T2_final.csv",230,9.32432432432432,0.875198450000002,"0.00207025000000005","0.000146410000000005","0.0040449599999999","0.0229522500000001","0.0375972100000004","0.0267649600000002","0.0341510400000004","0.00485808999999989","0.00719103999999992","0.01324801","0.0277555600000002","0.0412090000000005","0.0475676100000007","0.0436810000000006","0.0375972100000004","0.0828288399999994","0.10118761","0.13660416","0.201062560000001","0.274680809999999","0.274680809999999","0.212060250000001","0.177325210000001","NA","NA","NA","NA","NA","NA","NA","NA","NA","NA","NA","NA","NA","NA","NA","NA","NA","NA","NA","NA","NA","NA","NA","NA","NA","NA","NA","NA","NA","NA","NA","NA","NA","NA","NA","NA","NA","NA","NA","NA","NA","NA","NA","NA","NA","NA","NA","NA","NA","NA","NA","NA"
"AR-342_PIPES_2015-10-14_R_T2",224,"10/14/2015","12:53:09 PM",38.0689,23.292,15.9043,NA,"AR-342_PIPES_2015-10-14_R_T2_final.csv",240,9.72972972972973,0.867914720000001,"0.00234255999999991","0.00881720999999993","0.00366024999999992","0.000231040000000003","0.0106296100000003","0.0211702500000006","0.0132710400000004","0.05438224","0.000453690000000004","0.00132496000000003","0.00444889000000012","0.0139712400000004","0.0239011600000006","0.0287980900000008","0.0257923600000007","0.0211702500000006","0.0573123599999999","0.0727380900000001","0.103169440000001","0.160000000000002","0.22629049","0.22629049","0.169826410000002","0.138905290000001","NA","NA","NA","NA","NA","NA","NA","NA","NA","NA","NA","NA","NA","NA","NA","NA","NA","NA","NA","NA","NA","NA","NA","NA","NA","NA","NA","NA","NA","NA","NA","NA","NA","NA","NA","NA","NA","NA","NA","NA","NA","NA","NA","NA","NA","NA","NA","NA","NA","NA","NA"
"AR-342_PIPES_2015-10-14_R_T2",225,"10/14/2015","12:53:10 PM",38.0956,23.292,15.9225,NA,"AR-342_PIPES_2015-10-14_R_T2_final.csv",250,10.1351351351351,0.958035145000001,"0.000331240000000008","0.00443555999999991","0.01256641","0.00619368999999993","9.00000000000068e-06","0.00720801000000018","0.0162052900000004","0.00940900000000025","0.0632019600000001","9.60999999999926e-06","0.000331240000000008","0.00235225000000006","0.0100000000000003","0.0186049600000005","0.0229522500000007","0.0202777600000006","0.0162052900000004","0.0489294399999998","0.06325225","0.0918090000000005","0.145771240000001","0.20930625","0.20930625","0.155157210000002","0.125670250000001","NA","NA","NA","NA","NA","NA","NA","NA","NA","NA","NA","NA","NA","NA","NA","NA","NA","NA","NA","NA","NA","NA","NA","NA","NA","NA","NA","NA","NA","NA","NA","NA","NA","NA","NA","NA","NA","NA","NA","NA","NA","NA","NA","NA","NA","NA","NA","NA","NA","NA"
"AR-342_PIPES_2015-10-14_R_T2",226,"10/14/2015","12:53:11 PM",38.1045,23.292,15.9286,NA,"AR-342_PIPES_2015-10-14_R_T2_final.csv",260,10.5405405405405,1.095111215,"3.72099999999999e-05","0.00059049000000001","0.0052852899999999","0.01397124","0.00719103999999992","8.2810000000002e-05","0.00620944000000017","0.0146894400000004","0.00826281000000024","0.0663062500000001","9.00000000000068e-06","0.000146410000000005","0.00179776000000006","0.00881721000000027","0.0169780900000005","0.0211411600000006","0.0185776900000006","0.0146894400000004","0.0462680099999998","0.06022116","0.0881496100000005","0.141150490000001","0.20376196","0.20376196","0.150388840000002","0.121382560000001","NA","NA","NA","NA","NA","NA","NA","NA","NA","NA","NA","NA","NA","NA","NA","NA","NA","NA","NA","NA","NA","NA","NA","NA","NA","NA","NA","NA","NA","NA","NA","NA","NA","NA","NA","NA","NA","NA","NA","NA","NA","NA","NA","NA","NA","NA","NA","NA","NA"
"AR-342_PIPES_2015-10-14_R_T2",227,"10/14/2015","12:53:12 PM",38.149,23.292,15.9589,NA,"AR-342_PIPES_2015-10-14_R_T2_final.csv",270,10.9459459459459,1.21927954,"0.000918090000000027","0.00132496000000003","0.00298116000000007","0.010609","0.0220522500000001","0.01324801","0.00155236000000004","0.00235225000000006","0.00826281000000024","0.00367236000000011","0.0828288400000004","0.00110889000000004","0.000331240000000008","0.000146410000000005","0.00404496000000013","0.0100000000000003","0.0132480100000004","0.0112360000000003","0.00826281000000024","0.0341510399999997","0.0462680099999998","0.0710755600000002","0.119301160000001","0.177325209999999","0.177325209999999","0.127806250000001","0.101187610000001","NA","NA","NA","NA","NA","NA","NA","NA","NA","NA","NA","NA","NA","NA","NA","NA","NA","NA","NA","NA","NA","NA","NA","NA","NA","NA","NA","NA","NA","NA","NA","NA","NA","NA","NA","NA","NA","NA","NA","NA","NA","NA","NA","NA","NA","NA","NA","NA"
"AR-342_PIPES_2015-10-14_R_T2",228,"10/14/2015","12:53:13 PM",38.207,23.292,15.9983,NA,"AR-342_PIPES_2015-10-14_R_T2_final.csv",280,11.3513513513514,1.27608472,"0.00155236000000004","0.00485809000000014","0.00574564000000015","0.00883600000000022","0.0202777600000001","0.0353064100000003","0.0238702500000002","0.00620944000000017","8.2810000000002e-05","0.00265225000000008","0.000449440000000014","0.107059840000001","0.00528529000000016","0.00331776000000009","0.000745290000000018","0.000585640000000021","0.00367236000000011","0.00573049000000018","0.00443556000000015","0.00265225000000008","0.0211411599999996","0.0308704899999997","0.0516198399999999","0.0936360000000006","0.145694889999999","0.145694889999999","0.101187610000001","0.0776736900000003","NA","NA","NA","NA","NA","NA","NA","NA","NA","NA","NA","NA","NA","NA","NA","NA","NA","NA","NA","NA","NA","NA","NA","NA","NA","NA","NA","NA","NA","NA","NA","NA","NA","NA","NA","NA","NA","NA","NA","NA","NA","NA","NA","NA","NA","NA","NA"
"AR-342_PIPES_2015-10-14_R_T2",229,"10/14/2015","12:53:14 PM",38.1713,23.292,15.974,NA,"AR-342_PIPES_2015-10-14_R_T2_final.csv",290,11.7567567567568,1.243966595,"0.00059049000000001","0.00022801000000001","0.00206116000000007","0.00265225000000008","0.00485809000000014","0.01394761","0.0267649600000002","0.0169520400000001","0.0029702500000001","0.00111556000000002","0.00574564000000015","0.00207025000000005","0.0917484100000006","0.00234256000000009","0.00110889000000004","9.00000000000068e-06","0.00235225000000006","0.00720801000000018","0.0100000000000003","0.00826281000000024","0.00574564000000015","0.0287980899999996","0.0399999999999997","0.06325225","0.109098090000001","0.164835999999999","0.164835999999999","0.117237760000001","0.0918090000000005","NA","NA","NA","NA","NA","NA","NA","NA","NA","NA","NA","NA","NA","NA","NA","NA","NA","NA","NA","NA","NA","NA","NA","NA","NA","NA","NA","NA","NA","NA","NA","NA","NA","NA","NA","NA","NA","NA","NA","NA","NA","NA","NA","NA","NA","NA"
"AR-342_PIPES_2015-10-14_R_T2",230,"10/14/2015","12:53:15 PM",38.0332,23.292,15.8801,NA,"AR-342_PIPES_2015-10-14_R_T2_final.csv",300,12.1621621621622,1.18714143,"0.00881720999999993","0.01397124","0.00620943999999989","0.00235224999999989","0.00179775999999991","0.000585639999999936","0.000585640000000021","0.00485809000000014","0.00131769000000005","0.0015523599999999","0.01620529","0.0287980900000002","0.0194323600000001","0.0436810000000006","0.00207024999999989","0.00367235999999989","0.00826280999999992","0.0202777600000001","0.0319694400000003","0.0375972100000004","0.0341510400000004","0.0287980900000002","0.0694849599999992","0.0863772099999994","0.11930116","0.179945640000001","0.249900009999998","0.249900009999998","0.190357690000001","0.15752961","NA","NA","NA","NA","NA","NA","NA","NA","NA","NA","NA","NA","NA","NA","NA","NA","NA","NA","NA","NA","NA","NA","NA","NA","NA","NA","NA","NA","NA","NA","NA","NA","NA","NA","NA","NA","NA","NA","NA","NA","NA","NA","NA","NA","NA"
"AR-342_PIPES_2015-10-14_R_T2",231,"10/14/2015","12:53:16 PM",37.8775,23.292,15.7741,NA,"AR-342_PIPES_2015-10-14_R_T2_final.csv",310,12.5675675675676,1.14236239,"0.011236","0.0399600099999998","0.0502656399999999","0.0341510399999997","0.0238702499999996","0.0220225599999996","0.0169520399999996","0.00669123999999991","0.00131768999999992","0.00485808999999989","0.0211411599999996","0.0544288899999999","0.0760104900000003","0.06022116","0.0106090000000003","0.0229522499999996","0.0277555599999997","0.0387696099999998","0.0617025600000001","0.0811110400000003","0.0899400100000006","0.0845646400000005","0.0760104900000003","0.136604159999999","0.159920009999999","0.20376196","0.281112040000001","0.367114809999998","0.367114809999998","0.294089290000001","0.25290841","NA","NA","NA","NA","NA","NA","NA","NA","NA","NA","NA","NA","NA","NA","NA","NA","NA","NA","NA","NA","NA","NA","NA","NA","NA","NA","NA","NA","NA","NA","NA","NA","NA","NA","NA","NA","NA","NA","NA","NA","NA","NA","NA","NA"
"AR-342_PIPES_2015-10-14_R_T2",232,"10/14/2015","12:53:17 PM",37.824,23.292,15.7377,NA,"AR-342_PIPES_2015-10-14_R_T2_final.csv",320,12.972972972973,1.10878569,"0.00132496000000003","0.0202777600000001","0.05583769","0.0679123600000001","0.0489294399999998","0.0364428099999997","0.0341510399999997","0.0277555599999997","0.01397124","0.0052852899999999","0.0112572099999999","0.0330512399999997","0.0727380900000001","0.0974064100000006","0.0794112400000003","0.00443556000000015","0.0353064099999996","0.0412089999999998","0.0544288899999999","0.0811110400000003","0.103169440000001","0.113097690000001","0.107059840000001","0.0974064100000006","0.164835999999999","0.190357689999999","0.23794884","0.321035560000001","0.412549289999998","0.412549289999998","0.334893690000002","0.290844490000001","NA","NA","NA","NA","NA","NA","NA","NA","NA","NA","NA","NA","NA","NA","NA","NA","NA","NA","NA","NA","NA","NA","NA","NA","NA","NA","NA","NA","NA","NA","NA","NA","NA","NA","NA","NA","NA","NA","NA","NA","NA","NA","NA"
"AR-342_PIPES_2015-10-14_R_T2",233,"10/14/2015","12:53:18 PM",37.9085,23.292,15.7952,NA,"AR-342_PIPES_2015-10-14_R_T2_final.csv",330,13.3783783783784,1.08652044,"0.00330624999999991","0.000445209999999949","0.00720801000000018","0.0319694400000003","0.0412496100000004","0.0267976900000001","0.01779556","0.01620529","0.0119028099999999","0.00368449000000008","0.000231040000000003","0.00236196000000004","0.01545049","0.0450288400000004","0.0648211600000009","0.0503104900000006","0.0154008100000001","0.01700416","0.0211702500000001","0.0309056400000002","0.0516652900000006","0.069537690000001","0.0777294400000012","0.0727380900000011","0.0648211600000009","0.12145225","0.14348944","0.185158090000001","0.259182810000002","0.341991039999999","0.341991039999999","0.271649440000002","0.232131240000002","NA","NA","NA","NA","NA","NA","NA","NA","NA","NA","NA","NA","NA","NA","NA","NA","NA","NA","NA","NA","NA","NA","NA","NA","NA","NA","NA","NA","NA","NA","NA","NA","NA","NA","NA","NA","NA","NA","NA","NA","NA","NA"
"AR-342_PIPES_2015-10-14_R_T2",234,"10/14/2015","12:53:19 PM",38.0734,23.292,15.9074,NA,"AR-342_PIPES_2015-10-14_R_T2_final.csv",340,13.7837837837838,1.10449692,"0.0125888400000003","0.0287980900000002","0.0177688900000001","0.000745290000000018","0.00443555999999991","0.00826280999999992","0.0026522499999999","0.000449439999999939","0.000228009999999956","9.61000000001027e-06","0.00265225000000008","0.00940900000000025","0.00404496000000013","0.000146409999999962","0.00999999999999993","0.0202777600000001","0.01256641","0.0558376900000008","0.000331239999999943","0.00110888999999992","0.0040449599999999","0.01324801","0.0229522500000001","0.0277555600000002","0.0248062500000002","0.0202777600000001","0.0558376899999991","0.0710755599999993","0.10118761","0.15752961","0.223350759999998","0.223350759999998","0.167281000000001","0.13660416","NA","NA","NA","NA","NA","NA","NA","NA","NA","NA","NA","NA","NA","NA","NA","NA","NA","NA","NA","NA","NA","NA","NA","NA","NA","NA","NA","NA","NA","NA","NA","NA","NA","NA","NA","NA","NA","NA","NA","NA","NA"
"AR-342_PIPES_2015-10-14_R_T2",235,"10/14/2015","12:53:20 PM",38.1892,23.292,15.9862,NA,"AR-342_PIPES_2015-10-14_R_T2_final.csv",350,14.1891891891892,1.16624501,"0.00620943999999989","0.0364810000000003","0.06175225","0.0449864099999998","0.0112572099999999","0.00014884","0.000146410000000005","0.000745290000000018","0.00331776000000009","0.0040576900000001","0.00670761000000016","0.01697809","0.0309056400000002","0.0202777600000001","0.00444889000000012","0.000449440000000014","0.00404496000000013","0.00110889000000004","0.0992880100000007","0.00367236000000011","0.00207025000000005","0.000231040000000003","0.00131769000000005","0.00528529000000016","0.00770884000000025","0.00619369000000021","0.00404496000000013","0.0248062499999996","0.0352688399999997","0.05726449","0.101187610000001","0.155078439999999","0.155078439999999","0.109032040000001","0.0845646400000005","NA","NA","NA","NA","NA","NA","NA","NA","NA","NA","NA","NA","NA","NA","NA","NA","NA","NA","NA","NA","NA","NA","NA","NA","NA","NA","NA","NA","NA","NA","NA","NA","NA","NA","NA","NA","NA","NA","NA","NA"
"AR-342_PIPES_2015-10-14_R_T2",236,"10/14/2015","12:53:21 PM",38.1625,23.292,15.968,NA,"AR-342_PIPES_2015-10-14_R_T2_final.csv",360,14.5945945945946,1.26482039,"0.000331240000000008","0.00367235999999989","0.0298598400000002","0.0530380899999999","0.0375972099999997","0.0077264099999999","3.60000000000027e-05","0.000918090000000027","8.2810000000002e-05","0.00155236000000004","0.00207025000000005","0.0040576900000001","0.01256641","0.0248377600000001","0.01542564","0.00235225000000006","0.00155236000000004","0.0066912400000002","0.00265225000000008","0.0881496100000005","0.00179776000000006","0.000745290000000018","9.00000000000068e-06","0.0029702500000001","0.00826281000000024","0.0112360000000003","0.0093896100000003","0.0066912400000002","0.0308704899999997","0.0424359999999998","0.0663062500000001","0.113097690000001","0.169743999999999","0.169743999999999","0.121382560000001","0.0954810000000006","NA","NA","NA","NA","NA","NA","NA","NA","NA","NA","NA","NA","NA","NA","NA","NA","NA","NA","NA","NA","NA","NA","NA","NA","NA","NA","NA","NA","NA","NA","NA","NA","NA","NA","NA","NA","NA","NA","NA"
"AR-342_PIPES_2015-10-14_R_T2",237,"10/14/2015","12:53:22 PM",38.0199,23.292,15.871,NA,"AR-342_PIPES_2015-10-14_R_T2_final.csv",370,15,1.31794745000001,"0.00940899999999991","0.0132710399999999","0.00132496000000003","0.00574564000000015","0.0177688900000001","0.00938960999999995","8.2810000000002e-05","0.010609","0.01620529","0.0077264099999999","0.00331775999999988","0.0026522499999999","0.00110888999999992","0.00022801000000001","0.00367236000000011","0.00073984000000003","0.00235224999999989","0.01860496","0.0319694400000003","0.0220522500000001","0.0399600100000005","0.00298115999999988","0.00485808999999989","0.00999999999999993","0.0229522500000001","0.0353064100000003","0.0412090000000005","0.0375972100000004","0.0319694400000003","0.0743652899999992","0.0918089999999994","0.12567025","0.187748890000001","0.259080999999999","0.259080999999999","0.198381160000001","0.164836","NA","NA","NA","NA","NA","NA","NA","NA","NA","NA","NA","NA","NA","NA","NA","NA","NA","NA","NA","NA","NA","NA","NA","NA","NA","NA","NA","NA","NA","NA","NA","NA","NA","NA","NA","NA","NA","NA"
"AR-342_PIPES_2015-10-14_R_T2",238,"10/14/2015","12:53:23 PM",37.8818,23.292,15.777,NA,"AR-342_PIPES_2015-10-14_R_T2_final.csv",380,15.4054054054054,1.27238957000001,"0.00883600000000022","0.0364810000000003","0.0437646400000004","0.0170041600000004","0.000331240000000008","0.00154448999999992","8.40999999999171e-06","0.0106296100000003","0.0388090000000004","0.0489736900000005","0.0330876100000002","0.0229825600000001","0.0211702500000001","0.01620529","0.00622521000000014","0.00111556000000002","0.00446224000000009","0.02030625","0.0530841600000006","0.0744198400000011","0.0588062500000007","0.01121481","0.02208196","0.0267976900000001","0.0376360000000003","0.0602702500000008","0.0794676100000011","0.0882090000000014","0.0828864100000013","0.0744198400000011","0.13446889","0.157609","0.201152250000001","0.278045290000002","0.363609","0.363609","0.290952360000003","0.250000000000002","NA","NA","NA","NA","NA","NA","NA","NA","NA","NA","NA","NA","NA","NA","NA","NA","NA","NA","NA","NA","NA","NA","NA","NA","NA","NA","NA","NA","NA","NA","NA","NA","NA","NA","NA","NA","NA"
"AR-342_PIPES_2015-10-14_R_T2",239,"10/14/2015","12:53:24 PM",37.8151,23.292,15.7316,NA,"AR-342_PIPES_2015-10-14_R_T2_final.csv",390,15.8108108108108,1.14836237,"0.00206115999999991","0.0194323600000001","0.0558849599999999","0.06482116","0.0309056400000002","0.0040449599999999","3.72099999999999e-05","0.00180625000000004","0.0220522500000001","0.05875776","0.0711288900000001","0.0516652899999998","0.0388089999999997","0.0364428099999997","0.0298252899999996","0.01545049","0.00620943999999989","0.0125888399999999","0.0353064099999996","0.0760656400000001","0.101251240000001","0.0828864100000003","0.00366025000000013","0.0376359999999996","0.0437228099999998","0.0573123599999999","0.0846228100000004","0.107125290000001","0.117237760000001","0.111088890000001","0.101251240000001","0.169826409999999","0.195717759999999","0.24393721","0.327985290000001","0.420422559999998","0.420422559999998","0.341991040000002","0.297461160000001","NA","NA","NA","NA","NA","NA","NA","NA","NA","NA","NA","NA","NA","NA","NA","NA","NA","NA","NA","NA","NA","NA","NA","NA","NA","NA","NA","NA","NA","NA","NA","NA","NA","NA","NA","NA"
"AR-342_PIPES_2015-10-14_R_T2",240,"10/14/2015","12:53:25 PM",37.8818,23.292,15.777,NA,"AR-342_PIPES_2015-10-14_R_T2_final.csv",400,16.2162162162162,1.05524087,"0.00206115999999991","0","0.00883600000000022","0.0364810000000003","0.0437646400000004","0.0170041600000004","0.000331240000000008","0.00154448999999992","8.40999999999171e-06","0.0106296100000003","0.0388090000000004","0.0489736900000005","0.0330876100000002","0.0229825600000001","0.0211702500000001","0.01620529","0.00622521000000014","0.00111556000000002","0.00446224000000009","0.02030625","0.0530841600000006","0.0744198400000011","0.0588062500000007","0.01121481","0.02208196","0.0267976900000001","0.0376360000000003","0.0602702500000008","0.0794676100000011","0.0882090000000014","0.0828864100000013","0.0744198400000011","0.13446889","0.157609","0.201152250000001","0.278045290000002","0.363609","0.363609","0.290952360000003","0.250000000000002","NA","NA","NA","NA","NA","NA","NA","NA","NA","NA","NA","NA","NA","NA","NA","NA","NA","NA","NA","NA","NA","NA","NA","NA","NA","NA","NA","NA","NA","NA","NA","NA","NA","NA","NA"
"AR-342_PIPES_2015-10-14_R_T2",241,"10/14/2015","12:53:26 PM",37.9887,23.292,15.8498,NA,"AR-342_PIPES_2015-10-14_R_T2_final.csv",410,16.6216216216216,1.06061161,"0.00529984000000013","0.01397124","0.00529984000000013","0.000449440000000014","0.01397124","0.01860496","0.00331776000000009","0.00298116000000007","0.01256641","0.00573048999999991","0.000918090000000027","0.01542564","0.0220522500000001","0.0119028099999999","0.00620943999999989","0.0052852899999999","0.0029702499999999","3.72099999999999e-05","0.00155236000000004","3.60000000000027e-05","0.00485808999999989","0.0248377600000001","0.0400000000000004","0.0287980900000002","0.0319336900000003","0.00574563999999988","0.00826280999999992","0.01468944","0.0298252900000003","0.0437228100000005","0.0502656400000007","0.0462680100000006","0.0400000000000004","0.0863772099999994","0.10510564","0.14115049","0.206570250000001","0.281112039999999","0.281112039999999","0.217715560000001","0.182499840000001","NA","NA","NA","NA","NA","NA","NA","NA","NA","NA","NA","NA","NA","NA","NA","NA","NA","NA","NA","NA","NA","NA","NA","NA","NA","NA","NA","NA","NA","NA","NA","NA","NA","NA"
"AR-342_PIPES_2015-10-14_R_T2",242,"10/14/2015","12:53:27 PM",38.0689,23.292,15.9043,35,"AR-342_PIPES_2015-10-14_R_T2_final.csv",420,17.027027027027,1.15398004,"0.0029702499999999","0.01620529","0.0298252899999996","0.01620529","0.00110888999999992","0.0040576900000001","0.00670761000000016","9.61000000001027e-06","0.0119028099999999","0.0277555599999997","0.0169520399999996","0.000585639999999936","0.00485809000000014","0.00883600000000022","0.00298116000000007","0.00059049000000001","0.000331240000000008","0","0.00234255999999991","0.00881720999999993","0.00366024999999992","0.000231040000000003","0.0106296100000003","0.0211702500000006","0.0132710400000004","0.05438224","0.000453690000000004","0.00132496000000003","0.00444889000000012","0.0139712400000004","0.0239011600000006","0.0287980900000008","0.0257923600000007","0.0211702500000006","0.0573123599999999","0.0727380900000001","0.103169440000001","0.160000000000002","0.22629049","0.22629049","0.169826410000002","0.138905290000001","NA","NA","NA","NA","NA","NA","NA","NA","NA","NA","NA","NA","NA","NA","NA","NA","NA","NA","NA","NA","NA","NA","NA","NA","NA","NA","NA","NA","NA","NA","NA","NA","NA"
"AR-342_PIPES_2015-10-14_R_T2",243,"10/14/2015","12:53:28 PM",38.0911,23.292,15.9195,NA,"AR-342_PIPES_2015-10-14_R_T2_final.csv",430,17.4324324324324,1.25984949,"0.000231040000000003","0.00485808999999989","0.02030625","0.0353064099999996","0.02030625","0.00235224999999989","0.00235225000000006","0.00444889000000012","0.000146409999999962","0.01545049","0.0330512399999997","0.0211411599999996","0.0015523599999999","0.0029702500000001","0.00620944000000017","0.00155236000000004","8.2810000000002e-05","9.00000000000068e-06","0.000231040000000003","0.0040449599999999","0.0119028099999999","0.00573048999999991","0","0.00772641000000021","0.0169780900000005","0.0100000000000003","0.0617025600000001","3.72099999999999e-05","0.000449440000000014","0.00265225000000008","0.0106090000000003","0.0194323600000005","0.0238702500000007","0.0211411600000006","0.0169780900000005","0.0502656399999999","0.0647702500000001","0.0936360000000006","0.148071040000002","0.21206025","0.21206025","0.157529610000002","0.127806250000001","NA","NA","NA","NA","NA","NA","NA","NA","NA","NA","NA","NA","NA","NA","NA","NA","NA","NA","NA","NA","NA","NA","NA","NA","NA","NA","NA","NA","NA","NA","NA","NA"
"AR-342_PIPES_2015-10-14_R_T2",253,"10/14/2015","12:53:38 PM",38.109,23.292,15.9316,NA,"AR-342_PIPES_2015-10-14_R_T2_final.csv",440,17.8378378378378,1.325007335,"0.000146410000000005","0.000745290000000018","0.00669123999999991","0.0239011600000001","0.0399999999999997","0.0239011600000001","0.00367235999999989","0.00132496000000003","0.00298116000000007","0.000585639999999936","0.01860496","0.0375972099999997","0.0248062499999996","0.0026522499999999","0.00179776000000006","0.00444889000000012","0.000745290000000018","9.00000000000068e-06","8.2810000000002e-05","0.000745290000000018","0.00573048999999991","0.01468944","0.00770883999999994","0.000146410000000005","0.00574564000000015","0.0139712400000004","0.00772641000000021","0.0678602500000002","3.60000000000027e-05","8.2810000000002e-05","0.00155236000000004","0.00826281000000024","0.0162052900000004","0.0202777600000006","0.0177688900000005","0.0139712400000004","0.0449864099999998","0.05875776","0.0863772100000004","0.138905290000001","0.20106256","0.20106256","0.148071040000002","0.119301160000001","NA","NA","NA","NA","NA","NA","NA","NA","NA","NA","NA","NA","NA","NA","NA","NA","NA","NA","NA","NA","NA","NA","NA","NA","NA","NA","NA","NA","NA","NA","NA"
"AR-342_PIPES_2015-10-14_R_T2",254,"10/14/2015","12:53:39 PM",38.0911,23.292,15.9195,NA,"AR-342_PIPES_2015-10-14_R_T2_final.csv",450,18.2432432432432,1.31758797,"0.000146410000000005","0","0.000231040000000003","0.00485808999999989","0.02030625","0.0353064099999996","0.02030625","0.00235224999999989","0.00235225000000006","0.00444889000000012","0.000146409999999962","0.01545049","0.0330512399999997","0.0211411599999996","0.0015523599999999","0.0029702500000001","0.00620944000000017","0.00155236000000004","8.2810000000002e-05","9.00000000000068e-06","0.000231040000000003","0.0040449599999999","0.0119028099999999","0.00573048999999991","0","0.00772641000000021","0.0169780900000005","0.0100000000000003","0.0617025600000001","3.72099999999999e-05","0.000449440000000014","0.00265225000000008","0.0106090000000003","0.0194323600000005","0.0238702500000007","0.0211411600000006","0.0169780900000005","0.0502656399999999","0.0647702500000001","0.0936360000000006","0.148071040000002","0.21206025","0.21206025","0.157529610000002","0.127806250000001","NA","NA","NA","NA","NA","NA","NA","NA","NA","NA","NA","NA","NA","NA","NA","NA","NA","NA","NA","NA","NA","NA","NA","NA","NA","NA","NA","NA","NA","NA"
"AR-342_PIPES_2015-10-14_R_T2",255,"10/14/2015","12:53:40 PM",37.9665,23.292,15.8347,NA,"AR-342_PIPES_2015-10-14_R_T2_final.csv",460,18.6486486486486,1.27152197,"0.00719103999999992","0.00938960999999995","0.00719103999999992","0.00484415999999992","0.00022801000000001","0.00332929000000006","0.0106296099999999","0.00332929000000006","0.00131769000000005","0.0177688900000001","0.0229522500000001","0.00528529000000016","0.00156025000000002","0.00940899999999991","0.00367235999999989","0.00206116000000007","0.0194044900000001","0.0267649600000002","0.01542564","0.00881720999999993","0.00770883999999994","0.00484415999999992","0.000449440000000014","0.00059049000000001","8.2810000000002e-05","0.00719103999999992","0.0298252900000003","0.0462680100000006","0.0341510400000004","0.0267649600000002","0.00826280999999992","0.011236","0.0185776900000001","0.0352688400000004","0.0502656400000007","0.0572644900000009","0.0529920400000008","0.0462680100000006","0.0954809999999996","0.11512449","0.15272464","0.220524160000001","0.297352089999999","0.297352089999999","0.232034890000002","0.195629290000001","NA","NA","NA","NA","NA","NA","NA","NA","NA","NA","NA","NA","NA","NA","NA","NA","NA","NA","NA","NA","NA","NA","NA","NA","NA","NA","NA","NA","NA"
"AR-342_PIPES_2015-10-14_R_T2",256,"10/14/2015","12:53:41 PM",37.873,23.292,15.771,NA,"AR-342_PIPES_2015-10-14_R_T2_final.csv",470,19.0540540540541,1.235202505,"0.00405768999999987","0.0220522499999996","0.0257923599999996","0.0220522499999996","0.0177688899999996","0.00620943999999989","3.59999999999814e-05","0.00155236000000004","3.59999999999814e-05","0.00999999999999993","0.0388089999999997","0.0463110399999997","0.01860496","0.000585639999999936","0.00110889000000004","9.60999999999926e-06","0.0119028099999999","0.0412089999999998","0.0516652899999998","0.0353064099999996","0.0248377599999996","0.0229522499999996","0.0177688899999996","0.00720800999999988","0.0015523599999999","0.00529983999999987","0.0220522499999996","0.0558849599999999","0.0777294400000002","0.06175225","0.00998001000000033","0.0239011599999995","0.0287980899999996","0.0399999999999997","0.06325225","0.0828864100000003","0.0918090000000005","0.0863772100000004","0.0777294400000002","0.138905289999999","0.162408999999999","0.20657025","0.284408890000001","0.370880999999998","0.370880999999998","0.297461160000001","0.256036","NA","NA","NA","NA","NA","NA","NA","NA","NA","NA","NA","NA","NA","NA","NA","NA","NA","NA","NA","NA","NA","NA","NA","NA","NA","NA","NA","NA"
"AR-342_PIPES_2015-10-14_R_T2",257,"10/14/2015","12:53:42 PM",37.8818,23.292,15.777,NA,"AR-342_PIPES_2015-10-14_R_T2_final.csv",480,19.4594594594595,1.232862995,"3.59999999999814e-05","0.00332929000000006","0.02030625","0.0239011600000001","0.02030625","0.01620529","0.00529984000000013","0","0.00206115999999991","0","0.00883600000000022","0.0364810000000003","0.0437646400000004","0.0170041600000004","0.000331240000000008","0.00154448999999992","8.40999999999171e-06","0.0106296100000003","0.0388090000000004","0.0489736900000005","0.0330876100000002","0.0229825600000001","0.0211702500000001","0.01620529","0.00622521000000014","0.00111556000000002","0.00446224000000009","0.02030625","0.0530841600000006","0.0744198400000011","0.0588062500000007","0.01121481","0.02208196","0.0267976900000001","0.0376360000000003","0.0602702500000008","0.0794676100000011","0.0882090000000014","0.0828864100000013","0.0744198400000011","0.13446889","0.157609","0.201152250000001","0.278045290000002","0.363609","0.363609","0.290952360000003","0.250000000000002","NA","NA","NA","NA","NA","NA","NA","NA","NA","NA","NA","NA","NA","NA","NA","NA","NA","NA","NA","NA","NA","NA","NA","NA","NA","NA","NA"
"AR-342_PIPES_2015-10-14_R_T2",258,"10/14/2015","12:53:43 PM",37.9308,23.292,15.8104,NA,"AR-342_PIPES_2015-10-14_R_T2_final.csv",490,19.8648648648649,1.24446224,"0.00111556000000002","0.0015523599999999","0.00059049000000001","0.0119028099999999","0.01468944","0.0119028099999999","0.00881720999999993","0.00155236000000004","0.00111556000000002","0.00620943999999989","0.00111556000000002","0.00367236000000011","0.0248377600000001","0.0309056400000002","0.00940900000000025","0.000231040000000003","0.0052852899999999","0.00131768999999992","0.00485809000000014","0.0267649600000002","0.0353064100000003","0.0220522500000001","0.01397124","0.01256641","0.00881720999999993","0.00207025000000005","0","0.00111556000000002","0.0119028099999999","0.0388090000000004","0.0573123600000008","0.0437228100000005","0.0194044900000001","0.0132710399999999","0.01697809","0.0257923600000002","0.0449864100000005","0.0617522500000009","0.0694849600000011","0.064770250000001","0.0573123600000008","0.11108889","0.13220496","0.172308010000001","0.243937210000002","0.324444159999999","0.324444159999999","0.256036000000002","0.217715560000001","NA","NA","NA","NA","NA","NA","NA","NA","NA","NA","NA","NA","NA","NA","NA","NA","NA","NA","NA","NA","NA","NA","NA","NA","NA","NA"
"AR-342_PIPES_2015-10-14_R_T2",259,"10/14/2015","12:53:44 PM",37.9175,23.292,15.8013,NA,"AR-342_PIPES_2015-10-14_R_T2_final.csv",500,20.2702702702703,1.24686092,"8.2810000000002e-05","0.00059049000000001","0.000918089999999919","0.00111556000000002","0.01397124","0.01697809","0.01397124","0.010609","0.00235225000000006","0.00059049000000001","0.00485808999999989","0.00059049000000001","0.00485809000000014","0.0277888900000002","0.0341880100000003","0.0112572100000003","3.72099999999999e-05","0.0040449599999999","0.000739839999999934","0.00620944000000017","0.0298252900000003","0.0388090000000004","0.0248377600000001","0.01620529","0.01468944","0.010609","0.00298116000000007","8.2810000000002e-05","0.00180625000000004","0.01397124","0.0424772100000004","0.0617522500000009","0.0476112400000006","0.0169520400000001","0.01545049","0.0194323600000001","0.0287980900000002","0.0489294400000006","0.0663577600000009","0.0743652900000012","0.0694849600000011","0.0617522500000009","0.11723776","0.13890529","0.179945640000001","0.253009000000002","0.334893689999999","0.334893689999999","0.265328010000002","0.226290490000001","NA","NA","NA","NA","NA","NA","NA","NA","NA","NA","NA","NA","NA","NA","NA","NA","NA","NA","NA","NA","NA","NA","NA","NA","NA"
"AR-342_PIPES_2015-10-14_R_T2",260,"10/14/2015","12:53:45 PM",37.9264,23.292,15.8074,NA,"AR-342_PIPES_2015-10-14_R_T2_final.csv",510,20.6756756756757,1.240590255,"3.72099999999999e-05","9.00000000000068e-06","0.000924160000000012","0.0013249599999999","0.000745290000000018","0.01256641","0.01542564","0.01256641","0.00938960999999995","0.00179776000000006","0.000924160000000012","0.00574563999999988","0.000924160000000012","0.00404496000000013","0.0257923600000002","0.0319694400000003","0.0100000000000003","0.00014884","0.00485808999999989","0.00110888999999992","0.00528529000000016","0.0277555600000002","0.0364428100000004","0.0229522500000001","0.01468944","0.01324801","0.00938960999999995","0.00235225000000006","9.00000000000068e-06","0.00132496000000003","0.01256641","0.0400000000000004","0.0587577600000008","0.0449864100000005","0.0185776900000001","0.01397124","0.0177688900000001","0.0267649600000002","0.0462680100000006","0.0632522500000009","0.0710755600000012","0.0663062500000011","0.0587577600000008","0.11309769","0.13439556","0.174807610000001","0.246909610000002","0.327870759999999","0.327870759999999","0.259081000000002","0.220524160000001","NA","NA","NA","NA","NA","NA","NA","NA","NA","NA","NA","NA","NA","NA","NA","NA","NA","NA","NA","NA","NA","NA","NA","NA"
"AR-342_PIPES_2015-10-14_R_T2",261,"10/14/2015","12:53:46 PM",37.9665,23.292,15.8347,NA,"AR-342_PIPES_2015-10-14_R_T2_final.csv",520,21.0810810810811,1.25951788,"0.000745290000000018","0.00111556000000002","0.00059049000000001","0.00332929000000006","0.00405768999999987","0","0.00719103999999992","0.00938960999999995","0.00719103999999992","0.00484415999999992","0.00022801000000001","0.00332929000000006","0.0106296099999999","0.00332929000000006","0.00131769000000005","0.0177688900000001","0.0229522500000001","0.00528529000000016","0.00156025000000002","0.00940899999999991","0.00367235999999989","0.00206116000000007","0.0194044900000001","0.0267649600000002","0.01542564","0.00881720999999993","0.00770883999999994","0.00484415999999992","0.000449440000000014","0.00059049000000001","8.2810000000002e-05","0.00719103999999992","0.0298252900000003","0.0462680100000006","0.0341510400000004","0.0267649600000002","0.00826280999999992","0.011236","0.0185776900000001","0.0352688400000004","0.0502656400000007","0.0572644900000009","0.0529920400000008","0.0462680100000006","0.0954809999999996","0.11512449","0.15272464","0.220524160000001","0.297352089999999","0.297352089999999","0.232034890000002","0.195629290000001","NA","NA","NA","NA","NA","NA","NA","NA","NA","NA","NA","NA","NA","NA","NA","NA","NA","NA","NA","NA","NA","NA","NA"
"AR-342_PIPES_2015-10-14_R_T2",262,"10/14/2015","12:53:47 PM",38.0734,23.292,15.9074,NA,"AR-342_PIPES_2015-10-14_R_T2_final.csv",530,21.4864864864865,1.31958943,"0.00528529000000016","0.0100000000000003","0.0112572100000003","0.00940900000000025","0.0170041600000004","0.01860496","0.00528529000000016","0.000146409999999962","0.000585639999999936","0.000146409999999962","9.61000000001027e-06","0.00331776000000009","0.0170041600000004","0.0309056400000002","0.0170041600000004","0.00132496000000003","0.00367235999999989","0.00620943999999989","0","0.0125888400000003","0.0287980900000002","0.0177688900000001","0.000745290000000018","0.00443555999999991","0.00826280999999992","0.0026522499999999","0.000449439999999939","0.000228009999999956","9.61000000001027e-06","0.00265225000000008","0.00940900000000025","0.00404496000000013","0.000146409999999962","0.00999999999999993","0.0202777600000001","0.01256641","0.0558376900000008","0.000331239999999943","0.00110888999999992","0.0040449599999999","0.01324801","0.0229522500000001","0.0277555600000002","0.0248062500000002","0.0202777600000001","0.0558376899999991","0.0710755599999993","0.10118761","0.15752961","0.223350759999998","0.223350759999998","0.167281000000001","0.13660416","NA","NA","NA","NA","NA","NA","NA","NA","NA","NA","NA","NA","NA","NA","NA","NA","NA","NA","NA","NA","NA","NA"
"AR-342_PIPES_2015-10-14_R_T2",263,"10/14/2015","12:53:48 PM",38.0823,23.292,15.9135,NA,"AR-342_PIPES_2015-10-14_R_T2_final.csv",540,21.8918918918919,1.37006116,"3.72099999999999e-05","0.00620944000000017","0.0112572100000003","0.0125888400000003","0.0106296100000003","0.0186322500000004","0.02030625","0.00620944000000017","3.59999999999814e-05","0.000327609999999952","3.59999999999814e-05","8.46400000000304e-05","0.0040576900000001","0.0186322500000004","0.0330876100000002","0.0186322500000004","0.00180625000000004","0.0029702499999999","0.0052852899999999","3.72099999999999e-05","0.0139948900000003","0.0309056400000002","0.0194323600000001","0.00111556000000002","0.00366024999999992","0.00719103999999992","0.00206115999999991","0.000228009999999956","8.09999999999742e-05","8.46400000000304e-05","0.00331776000000009","0.0106296100000003","0.00485809000000014","3.59999999999814e-05","0.00881720999999993","0.0185776900000001","0.011236","0.0587577600000008","0.000146409999999962","0.000739839999999934","0.00330624999999991","0.011881","0.0211411600000001","0.0257602500000002","0.0229219600000002","0.0185776900000001","0.0529920399999992","0.0678602499999993","0.0973439999999996","0.15272464","0.217622249999998","0.217622249999998","0.162328410000001","0.13213225","NA","NA","NA","NA","NA","NA","NA","NA","NA","NA","NA","NA","NA","NA","NA","NA","NA","NA","NA","NA","NA"
"AR-342_PIPES_2015-10-14_R_T2",264,"10/14/2015","12:53:49 PM",37.962,23.292,15.8316,NA,"AR-342_PIPES_2015-10-14_R_T2_final.csv",550,22.2972972972973,1.35889882,"0.00670761000000016","0.00574564000000015","9.60999999999926e-06","0.000585640000000021","0.000918090000000027","0.000449440000000014","0.00298116000000007","0.00367235999999989","9.60999999999926e-06","0.0077264099999999","0.00999999999999993","0.0077264099999999","0.0052852899999999","0.000331240000000008","0.00298116000000007","0.00999999999999993","0.00298116000000007","0.00155236000000004","0.01860496","0.0239011600000001","0.00574564000000015","0.00132496000000003","0.00881720999999993","0.00330624999999991","0.00235225000000006","0.0202777600000001","0.0277888900000002","0.01620529","0.00940899999999991","0.00826280999999992","0.0052852899999999","0.00059049000000001","0.000449440000000014","0.00014884","0.0077264099999999","0.0309056400000002","0.0476112400000006","0.0353064100000003","0.0257602500000002","0.00883599999999989","0.0119028099999999","0.0194323600000001","0.0364428100000004","0.0516652900000006","0.0587577600000008","0.0544288900000008","0.0476112400000006","0.0974064099999995","0.11723776","0.15515721","0.223445290000001","0.300742559999999","0.300742559999999","0.235031040000002","0.198381160000001","NA","NA","NA","NA","NA","NA","NA","NA","NA","NA","NA","NA","NA","NA","NA","NA","NA","NA","NA","NA"
"AR-342_PIPES_2015-10-14_R_T2",265,"10/14/2015","12:53:50 PM",37.7706,23.292,15.7014,NA,"AR-342_PIPES_2015-10-14_R_T2_final.csv",560,22.7027027027027,1.25967754,"0.0169520400000001","0.0449864100000005","0.0424360000000005","0.0177688900000001","0.011236","0.00998000999999997","0.011881","0.00571535999999995","0.00484416000000017","0.0177688900000001","0.0475676099999999","0.05299204","0.0475676099999999","0.0411684099999998","0.0220225600000002","0.00571535999999995","0.00091204000000004","0.00571535999999995","0.0287641600000003","0.0710755600000002","0.0811110400000003","0.0424360000000005","0.00879843999999998","0.00131769000000005","0.00528529000000016","0.0319336900000003","0.0743107600000003","0.0881496100000005","0.0663062500000001","0.0516198399999999","0.0488852099999999","0.0411684099999998","0.0238702500000002","0.011881","0.0202777600000001","0.0475676099999999","0.0936360000000006","0.121382560000001","0.101187610000001","0.000918090000000027","0.0502656399999999","0.05726449","0.0726841600000003","0.103105210000001","0.127806250000001","0.138830760000002","0.132132250000001","0.121382560000001","0.19562929","0.22335076","0.274680810000001","0.363488410000002","0.460497959999999","0.460497959999999","0.378225000000002","0.331315360000002","NA","NA","NA","NA","NA","NA","NA","NA","NA","NA","NA","NA","NA","NA","NA","NA","NA","NA","NA"
"AR-342_PIPES_2015-10-14_R_T2",266,"10/14/2015","12:53:51 PM",37.6725,23.292,15.6346,NA,"AR-342_PIPES_2015-10-14_R_T2_final.csv",570,23.1081081081081,1.135843095,"0.00446223999999985","0.0388089999999997","0.0777852100000001","0.0744198400000001","0.0400400099999996","0.0298598399999996","0.0277888899999996","0.0309056399999996","0.0202777599999996","0.01860496","0.0400400099999996","0.0811680099999992","0.0882089999999993","0.0811680099999992","0.0727380899999992","0.0463110399999997","0.0202777599999996","0.00940899999999991","0.0202777599999996","0.0558849599999999","0.11115556","0.12362256","0.0744198400000001","0.0257923599999996","0.0106296099999999","0.01946025","0.0602702499999999","0.11519236","0.13227769","0.105170489999999","0.0864359999999992","0.0828864099999993","0.0727380899999992","0.0489736899999997","0.0309056399999996","0.0437646399999997","0.0811680099999992","0.13897984","0.17239104","0.14814801","0.00133224999999988","0.0846809999999992","0.0936972099999994","0.11316496","0.15046641","0.18003049","0.193072360000001","0.185158090000001","0.17239104","0.259182809999998","0.290952359999999","0.349162809999999","0.448498090000001","0.555621159999997","0.555621159999997","0.464851240000001","0.41267776","NA","NA","NA","NA","NA","NA","NA","NA","NA","NA","NA","NA","NA","NA","NA","NA","NA","NA"
"AR-342_PIPES_2015-10-14_R_T2",267,"10/14/2015","12:53:52 PM",37.7839,23.292,15.7104,NA,"AR-342_PIPES_2015-10-14_R_T2_final.csv",580,23.5135135135135,1.09813028,"0.00574563999999988","8.10000000000061e-05","0.01468944","0.0412496100000004","0.0388090000000004","0.01545049","0.00940899999999991","0.00826280999999992","0.00999999999999993","0.00443555999999991","0.00367236000000011","0.01545049","0.0437228099999998","0.0489294399999998","0.0437228099999998","0.0375972099999997","0.0194323600000001","0.00443555999999991","0.000449440000000014","0.00443555999999991","0.0257923600000002","0.06635776","0.0760656400000001","0.0388090000000004","0.00719103999999992","0.000745290000000018","0.0040576900000001","0.0287980900000002","0.0694849600000002","0.0828864100000003","0.06175225","0.0476112399999998","0.0449864099999998","0.0375972099999997","0.0211702500000001","0.00999999999999993","0.01779556","0.0437228099999998","0.0882090000000004","0.115192360000001","0.0955428100000005","0.00154449000000006","0.0463110399999997","0.0530380899999999","0.0679123600000001","0.0974064100000006","0.121452250000001","0.132204960000001","0.125670250000001","0.115192360000001","0.187748889999999","0.21492496","0.26532801","0.352717210000002","0.448364159999999","0.448364159999999","0.367236000000002","0.321035560000001","NA","NA","NA","NA","NA","NA","NA","NA","NA","NA","NA","NA","NA","NA","NA","NA","NA"
"AR-342_PIPES_2015-10-14_R_T2",268,"10/14/2015","12:53:53 PM",38.0021,23.292,15.8589,NA,"AR-342_PIPES_2015-10-14_R_T2_final.csv",590,23.9189189189189,1.128304495,"0.0220522500000001","0.0503104899999998","0.0248062500000002","0.000745290000000018","0.00298116000000007","0.00235225000000006","0.000585640000000021","0.00265225000000008","0.00331776000000009","0.00235225000000006","0.00670761000000016","0.0077264099999999","0.000585640000000021","0.00367235999999989","0.0052852899999999","0.00367235999999989","0.00206115999999991","8.2810000000002e-05","0.00670761000000016","0.01620529","0.00670761000000016","0.000146410000000005","0.0119028099999999","0.01620529","0.00235225000000006","0.0040576900000001","0.01468944","0.00719103999999992","0.000449440000000014","0.01324801","0.0194323600000001","0.00999999999999993","0.00485808999999989","0.0040449599999999","0.00206115999999991","9.00000000000068e-06","0.00235225000000006","0.00022801000000001","0.00367235999999989","0.0220522500000001","0.0364428100000004","0.0257923600000002","0.0352688400000004","0.00444888999999988","0.00669123999999991","0.01256641","0.0267649600000002","0.0400000000000004","0.0462680100000006","0.0424360000000005","0.0364428100000004","0.0811110399999993","0.0992880099999995","0.13439556","0.198381160000001","0.271545209999999","0.271545209999999","0.209306250000001","0.174807610000001","NA","NA","NA","NA","NA","NA","NA","NA","NA","NA","NA","NA","NA","NA","NA","NA"
"AR-342_PIPES_2015-10-14_R_T2",269,"10/14/2015","12:53:54 PM",38.1001,23.292,15.9256,NA,"AR-342_PIPES_2015-10-14_R_T2_final.csv",600,24.3243243243243,1.175871,"0.00444888999999988","0.0463110399999997","0.0846809999999992","0.0502656399999999","0.00883599999999989","0.000146409999999962","0.000331239999999943","0.00826280999999992","0.01397124","0.01545049","0.0132710399999999","0.02208196","0.0239011599999995","0.00826280999999992","3.72099999999999e-05","3.60000000000027e-05","3.72099999999999e-05","0.000453690000000004","0.00574563999999988","0.02208196","0.0376359999999996","0.02208196","0.00298115999999988","0.00179776000000006","0.00367236000000011","0.000331239999999943","0.01700416","0.0353064099999996","0.0229522499999996","0.00207024999999989","0.00234256000000009","0.00528529000000016","0.00110889000000004","9.00000000000068e-06","9.60999999999926e-06","0.000453690000000004","0.00485808999999989","0.0132710399999999","0.00669123999999991","3.72099999999999e-05","0.0066912400000002","0.0154256400000005","0.00881721000000027","0.0647702500000001","0","0.00022801000000001","0.00206116000000007","0.0093896100000003","0.0177688900000005","0.0220225600000007","0.0194044900000006","0.0154256400000005","0.0475676099999999","0.0617025600000001","0.0899400100000006","0.143413690000002","0.20647936","0.20647936","0.152724640000002","0.123481960000001","NA","NA","NA","NA","NA","NA","NA","NA","NA","NA","NA","NA","NA","NA","NA"
"AR-342_PIPES_2015-10-14_R_T2",270,"10/14/2015","12:53:55 PM",38.0466,23.292,15.8892,NA,"AR-342_PIPES_2015-10-14_R_T2_final.csv",610,24.7297297297297,1.2046305,"0.0013249599999999","0.000918090000000027","0.0319694400000003","0.06482116","0.0352688400000004","0.00331776000000009","0.00059049000000001","0.000331240000000008","0.0029702500000001","0.0066912400000002","0.00772641000000021","0.00620944000000017","0.0125888400000003","0.01397124","0.0029702500000001","0.000918089999999919","0.00179775999999991","0.000918089999999919","0.000228009999999956","0.00155236000000004","0.0125888400000003","0.0248377600000001","0.0125888400000003","0.000331240000000008","0.00620943999999989","0.00940899999999991","0.000331240000000008","0.00883600000000022","0.0229522500000001","0.01324801","8.2810000000002e-05","0.00719103999999992","0.0119028099999999","0.00485808999999989","0.0015523599999999","0.00110888999999992","0.000228009999999956","0.00110889000000004","0.00620944000000017","0.00206116000000007","0.000918089999999919","0.01397124","0.0257923600000002","0.01697809","0.0475676100000007","0.0013249599999999","0.0026522499999999","0.00669123999999991","0.0177688900000001","0.0287980900000002","0.0341510400000004","0.0308704900000003","0.0257923600000002","0.0647702499999992","0.0811110399999993","0.11309769","0.172308010000001","0.240884639999998","0.240884639999998","0.182499840000001","0.15038884","NA","NA","NA","NA","NA","NA","NA","NA","NA","NA","NA","NA","NA","NA"
"AR-342_PIPES_2015-10-14_R_T2",271,"10/14/2015","12:53:56 PM",37.8952,23.292,15.7862,NA,"AR-342_PIPES_2015-10-14_R_T2_final.csv",620,25.1351351351351,1.184416395,"0.0106090000000003","0.0194323600000001","0.00528529000000016","0.00574563999999988","0.0229825599999995","0.00719103999999992","0.00206116000000007","0.0162052900000004","0.0146894400000004","0.00235225000000006","0.000449440000000014","0.00022801000000001","0.000585640000000021","8.46399999999977e-05","0.000231039999999949","0.00235225000000006","0.0177688900000001","0.0211411600000001","0.0177688900000001","0.01394761","0.00404496000000013","8.46399999999977e-05","0.00298115999999988","8.46399999999977e-05","0.00719104000000022","0.0330512400000003","0.0400000000000004","0.0146894400000004","8.10000000000061e-05","0.00235224999999989","0.000146409999999962","0.00881721000000027","0.0352688400000004","0.0449864100000005","0.0298252900000003","0.0202777600000001","0.0185776900000001","0.01394761","0.00485809000000014","0.000585640000000021","0.00331776000000009","0.0177688900000001","0.0489294400000006","0.0694849600000011","0.0544288900000008","0.01324801","0.0194323600000001","0.0238702500000002","0.0341510400000004","0.0558376900000008","0.0743652900000012","0.0828288400000014","0.0776736900000013","0.0694849600000011","0.12780625","0.15038884","0.192984490000001","0.268427610000002","0.35259844","0.35259844","0.281112040000003","0.240884640000002","NA","NA","NA","NA","NA","NA","NA","NA","NA","NA","NA","NA","NA"
"AR-342_PIPES_2015-10-14_R_T2",272,"10/14/2015","12:53:57 PM",37.8373,23.292,15.7468,NA,"AR-342_PIPES_2015-10-14_R_T2_final.csv",630,25.5405405405405,1.14232383,"0.0015523599999999","0.0202777600000001","0.0319694399999996","0.01256641","0.00132496000000003","0.0125888399999999","0.00206116000000007","0.00719103999999992","0.0277888900000002","0.0257923600000002","0.0077264099999999","0.00367235999999989","0.0029702499999999","0.0040449599999999","0.000912039999999933","0.000585640000000021","0.0077264099999999","0.0298252899999996","0.0341510399999997","0.0298252899999996","0.0248062499999996","0.010609","0.000912039999999933","0.000231040000000003","0.000912039999999933","0.01542564","0.0489294399999998","0.0573123599999999","0.0257923600000002","0.00234255999999991","8.2810000000002e-05","0.000745290000000018","0.0177688900000001","0.0516198399999999","0.06325225","0.0449864099999998","0.0330512399999997","0.0308704899999997","0.0248062499999996","0.0119028099999999","0.0040449599999999","0.00940899999999991","0.0298252899999996","0.0679123600000001","0.0918090000000005","0.0743652900000002","0.00573049000000018","0.0319694399999996","0.0375972099999997","0.0502656399999999","0.0760104900000003","0.0974064100000006","0.107059840000001","0.101187610000001","0.0918090000000005","0.157529609999999","0.182499839999999","0.22915369","0.310806250000001","0.400942239999998","0.400942239999998","0.324444160000001","0.281112040000001","NA","NA","NA","NA","NA","NA","NA","NA","NA","NA","NA","NA"
"AR-342_PIPES_2015-10-14_R_T2",273,"10/14/2015","12:53:58 PM",37.8908,23.292,15.7832,NA,"AR-342_PIPES_2015-10-14_R_T2_final.csv",640,25.9459459459459,1.11361103,"0.00132496000000003","8.99999999999002e-06","0.011236","0.0202777599999996","0.00573048999999991","0.00529984000000013","0.02208196","0.0066912400000002","0.00234255999999991","0.01697809","0.01542564","0.0026522499999999","0.000585639999999936","0.000327609999999952","0.000739839999999934","3.84400000000191e-05","0.00014884","0.0026522499999999","0.0185776899999996","0.0220225599999996","0.0185776899999996","0.0146652099999996","0.00443555999999991","3.84400000000191e-05","0.00266256000000006","3.84400000000191e-05","0.00770883999999994","0.0341510399999997","0.0412089999999998","0.01542564","0.000143999999999968","0.00207025000000005","8.2810000000002e-05","0.00938960999999995","0.0364046399999998","0.0462680099999998","0.0308704899999997","0.0211411599999996","0.0194044899999996","0.0146652099999996","0.0052852899999999","0.000739839999999934","0.00367235999999989","0.0185776899999996","0.0502656399999999","0.0710755600000002","0.05583769","0.0125664100000004","0.0202777599999996","0.0248062499999996","0.0352688399999997","0.05726449","0.0760104900000003","0.0845646400000005","0.0793548900000004","0.0710755600000002","0.129960249999999","0.152724639999999","0.19562929","0.271545210000001","0.356170239999998","0.356170239999998","0.284302240000001","0.24383844","NA","NA","NA","NA","NA","NA","NA","NA","NA","NA","NA"
"AR-342_PIPES_2015-10-14_R_T2",274,"10/14/2015","12:53:59 PM",37.962,23.292,15.8316,NA,"AR-342_PIPES_2015-10-14_R_T2_final.csv",650,26.3513513513514,1.101134175,"0.00234255999999991","0.00719103999999992","0.00206116000000007","0.00331776000000009","0.00883599999999989","0.000745290000000018","0.01468944","0.0388089999999997","0.0169520400000001","0","0.00670761000000016","0.00574564000000015","9.60999999999926e-06","0.000585640000000021","0.000918090000000027","0.000449440000000014","0.00298116000000007","0.00367235999999989","9.60999999999926e-06","0.0077264099999999","0.00999999999999993","0.0077264099999999","0.0052852899999999","0.000331240000000008","0.00298116000000007","0.00999999999999993","0.00298116000000007","0.00155236000000004","0.01860496","0.0239011600000001","0.00574564000000015","0.00132496000000003","0.00881720999999993","0.00330624999999991","0.00235225000000006","0.0202777600000001","0.0277888900000002","0.01620529","0.00940899999999991","0.00826280999999992","0.0052852899999999","0.00059049000000001","0.000449440000000014","0.00014884","0.0077264099999999","0.0309056400000002","0.0476112400000006","0.0353064100000003","0.0257602500000002","0.00883599999999989","0.0119028099999999","0.0194323600000001","0.0364428100000004","0.0516652900000006","0.0587577600000008","0.0544288900000008","0.0476112400000006","0.0974064099999995","0.11723776","0.15515721","0.223445290000001","0.300742559999999","0.300742559999999","0.235031040000002","0.198381160000001","NA","NA","NA","NA","NA","NA","NA","NA","NA","NA"
"AR-342_PIPES_2015-10-14_R_T2",275,"10/14/2015","12:54:00 PM",37.9397,23.292,15.8164,NA,"AR-342_PIPES_2015-10-14_R_T2_final.csv",660,26.7567567567568,1.072975395,"0.000231040000000003","0.00110223999999993","0.00484415999999992","0.00091204000000004","0.00529984000000013","0.0119246399999999","0.00180625000000004","0.011236","0.0330512399999997","0.013225","0.000231040000000003","0.00942841000000021","0.0082810000000002","0.000334889999999999","8.10000000000061e-05","0.00022801000000001","3.60000000000027e-05","0.00155236000000004","0.00206115999999991","0.000334889999999999","0.0106296099999999","0.0132710399999999","0.0106296099999999","0.0077264099999999","0.00111556000000002","0.00155236000000004","0.00719103999999992","0.00155236000000004","0.00298116000000007","0.0229825600000001","0.0288320400000001","0.0082810000000002","0.000449440000000014","0.00619368999999993","0.00178928999999993","0.0040576900000001","0.0248377600000001","0.0330876100000002","0.02030625","0.0125888399999999","0.0112572099999999","0.0077264099999999","0.00156025000000002","3.60000000000027e-05","0.000750760000000005","0.0106296099999999","0.0364810000000003","0.0544755600000006","0.0412496100000004","0.0211120900000002","0.0119246399999999","0.01545049","0.0239011600000001","0.0424772100000004","0.0588062500000007","0.0663577600000009","0.0617522500000009","0.0544755600000006","0.10712529","0.12787776","0.16736281","0.238046410000002","0.317644959999999","0.317644959999999","0.250000000000002","0.212152360000001","NA","NA","NA","NA","NA","NA","NA","NA","NA"
"AR-342_PIPES_2015-10-14_R_T2",276,"10/14/2015","12:54:01 PM",37.8818,23.292,15.777,NA,"AR-342_PIPES_2015-10-14_R_T2_final.csv",670,27.1621621621622,0.987793630000002,"0.00155236000000004","0.00298116000000007","3.84400000000191e-05","0.000912039999999933","8.46399999999977e-05","0.0125888400000003","0.02208196","0.00670761000000016","0.00443555999999991","0.0202777599999996","0.00571535999999995","0.00298116000000007","0.0186322500000004","0.0170041600000004","0.00332929000000006","0.000924160000000012","0.00059049000000001","0.00111556000000002","0","3.59999999999814e-05","0.00332929000000006","0.02030625","0.0239011600000001","0.02030625","0.01620529","0.00529984000000013","0","0.00206115999999991","0","0.00883600000000022","0.0364810000000003","0.0437646400000004","0.0170041600000004","0.000331240000000008","0.00154448999999992","8.40999999999171e-06","0.0106296100000003","0.0388090000000004","0.0489736900000005","0.0330876100000002","0.0229825600000001","0.0211702500000001","0.01620529","0.00622521000000014","0.00111556000000002","0.00446224000000009","0.02030625","0.0530841600000006","0.0744198400000011","0.0588062500000007","0.01121481","0.02208196","0.0267976900000001","0.0376360000000003","0.0602702500000008","0.0794676100000011","0.0882090000000014","0.0828864100000013","0.0744198400000011","0.13446889","0.157609","0.201152250000001","0.278045290000002","0.363609","0.363609","0.290952360000003","0.250000000000002","NA","NA","NA","NA","NA","NA","NA","NA"
"AR-342_PIPES_2015-10-14_R_T2",277,"10/14/2015","12:54:02 PM",37.7794,23.292,15.7074,NA,"AR-342_PIPES_2015-10-14_R_T2_final.csv",680,27.5675675675676,0.857264380000002,"0.00484415999999992","0.011881","0.01542564","0.00574564000000015","0.00155236000000004","0.00620943999999989","0.0330512400000003","0.0476112399999998","0.0229522500000001","9.00000000000068e-06","0.00529983999999987","3.60000000000027e-05","0.01542564","0.0424772100000004","0.0400000000000004","0.01620529","0.00999999999999993","0.00881720999999993","0.010609","0.00484415999999992","0.00404496000000013","0.01620529","0.0449864099999998","0.0502656399999999","0.0449864099999998","0.0387696099999998","0.0202777600000001","0.00484415999999992","0.000585640000000021","0.00484415999999992","0.0267649600000002","0.0679123600000001","0.0777294400000002","0.0400000000000004","0.00770883999999994","0.000918090000000027","0.00444889000000012","0.0298252900000003","0.0710755600000002","0.0846228100000004","0.06325225","0.0489294399999998","0.0462680099999998","0.0387696099999998","0.0220522500000001","0.010609","0.01860496","0.0449864099999998","0.0900000000000004","0.117237760000001","0.0974064100000006","0.00131769000000005","0.0476112399999998","0.0544288899999999","0.0694849600000002","0.0992880100000007","0.123552250000001","0.134395560000001","0.127806250000001","0.117237760000001","0.190357689999999","0.21771556","0.26842761","0.356289610000002","0.452390759999999","0.452390759999999","0.370881000000002","0.324444160000001","NA","NA","NA","NA","NA","NA","NA"
"AR-342_PIPES_2015-10-14_R_T2",278,"10/14/2015","12:54:03 PM",37.7571,23.292,15.6922,NA,"AR-342_PIPES_2015-10-14_R_T2_final.csv",690,27.972972972973,0.706710075000001,"0.000231040000000003","0.00719103999999992","0.01542564","0.0194323600000001","0.0082810000000002","0.00298116000000007","0.00883599999999989","0.0388090000000004","0.0544755599999998","0.0277888900000002","0.000331240000000008","0.00331775999999988","8.46399999999977e-05","0.0194323600000001","0.0489736900000005","0.0463110400000005","0.02030625","0.0132710399999999","0.0119028099999999","0.01397124","0.00719103999999992","0.00620944000000017","0.02030625","0.0516652899999998","0.0573123599999999","0.0516652899999998","0.0449864099999998","0.0248377600000001","0.00719103999999992","0.00155236000000004","0.00719103999999992","0.0319694400000003","0.0760656400000001","0.0864360000000003","0.0463110400000005","0.010609","0.00207025000000005","0.00670761000000016","0.0353064100000003","0.0794112400000003","0.0936972100000004","0.0711288900000001","0.0558849599999999","0.0530380899999999","0.0449864099999998","0.0267976900000001","0.01397124","0.0229825600000001","0.0516652899999998","0.0993510400000005","0.127877760000001","0.107125290000001","0.000445210000000024","0.0544755599999998","0.06175225","0.0777294400000002","0.109098090000001","0.134468890000001","0.145771240000001","0.138905290000001","0.127877760000001","0.203852249999999","0.23213124","0.284408890000001","0.374666410000002","0.473068839999999","0.473068839999999","0.389625640000002","0.341991040000002","NA","NA","NA","NA","NA","NA"
"AR-342_PIPES_2015-10-14_R_T2",279,"10/14/2015","12:54:04 PM",37.8328,23.292,15.7437,NA,"AR-342_PIPES_2015-10-14_R_T2_final.csv",700,28.3783783783784,0.554690325000001,"0.00265225000000008","0.00131769000000005","0.00110888999999992","0.0052852899999999","0.0077264099999999","0.00156025000000002","9.60999999999926e-06","0.00180624999999989","0.0211702500000001","0.0330876099999996","0.0132710399999999","0.00110889000000004","0.0119028099999999","0.00178929000000008","0.0077264099999999","0.0288320400000001","0.0267976900000001","0.00828099999999987","0.00405768999999987","0.00331775999999988","0.00444888999999988","0.00110888999999992","0.000745290000000018","0.00828099999999987","0.0309056399999996","0.0353064099999996","0.0309056399999996","0.0257923599999996","0.0112572099999999","0.00110888999999992","0.000146410000000005","0.00110888999999992","0.01620529","0.0503104899999998","0.0588062499999999","0.0267976900000001","0.0026522499999999","3.60000000000027e-05","0.000924160000000012","0.01860496","0.0530380899999999","0.06482116","0.0463110399999997","0.0341880099999996","0.0319694399999996","0.0257923599999996","0.0125888399999999","0.00444888999999988","0.0100200099999999","0.0309056399999996","0.06953769","0.0936972100000004","0.0760656400000001","0.00527076000000019","0.0330876099999996","0.0388089999999997","0.0516652899999998","0.0777294400000002","0.0993510400000005","0.109098090000001","0.103169440000001","0.0936972100000004","0.159999999999999","0.185158089999999","0.23213124","0.314272360000001","0.404877689999998","0.404877689999998","0.327985290000001","0.284408890000001","NA","NA","NA","NA","NA"
"AR-342_PIPES_2015-10-14_R_T2",280,"10/14/2015","12:54:05 PM",37.922,23.292,15.8044,NA,"AR-342_PIPES_2015-10-14_R_T2_final.csv",710,28.7837837837838,0.391620385000002,"0.00368448999999986","0.0125888399999999","0.00940899999999991","0.000750760000000005","0.000144000000000011","0.00073984000000003","0.000449439999999939","0.00331775999999988","0.000331240000000008","0.00719104000000022","0.01468944","0.0029702500000001","0.00883599999999989","0.0288320399999995","0.010609","0.00073984000000003","0.0119028100000003","0.0106090000000003","0.000918090000000027","9.00000000000068e-06","9.60999999999926e-06","3.60000000000027e-05","0.000750760000000005","0.0011155599999999","0.000918090000000027","0.01324801","0.0161798400000001","0.01324801","0.00998000999999997","0.00206116000000007","0.000750760000000005","0.00529983999999987","0.000750760000000005","0.00443556000000015","0.0267649600000002","0.0330512400000003","0.0106090000000003","8.46399999999977e-05","0.00444888999999988","0.000918089999999919","0.00573049000000018","0.0287641600000003","0.0375972100000004","0.0238702500000002","0.01542564","0.01394761","0.00998000999999997","0.00265225000000008","3.60000000000027e-05","0.00155236000000004","0.01324801","0.0412090000000005","0.0602211600000009","0.0462680100000006","0.0177688900000001","0.01468944","0.0185776900000001","0.0277555600000002","0.0475676100000007","0.064770250000001","0.0726841600000012","0.0678602500000011","0.0602211600000009","0.11512449","0.13660416","0.177325210000001","0.249900010000002","0.33131536","0.33131536","0.262144000000002","0.223350760000002","NA","NA","NA","NA"
"AR-342_PIPES_2015-10-14_R_T2",281,"10/14/2015","12:54:06 PM",37.9754,23.292,15.8407,NA,"AR-342_PIPES_2015-10-14_R_T2_final.csv",720,29.1891891891892,0.242209600000001,"0.00131769000000005","0.00940899999999991","0.0220522500000001","0.0177688900000001","0.0040576900000001","0.00059049000000001","8.2810000000002e-05","0.00330624999999991","0.00881720999999993","0.0029702500000001","0.00235225000000006","0.00720800999999988","0.000331240000000008","0.01697809","0.0424772099999997","0.0194044900000001","8.2810000000002e-05","0.00529984000000013","0.00444889000000012","3.60000000000027e-05","0.00110889000000004","0.00155236000000004","0.000918090000000027","0.0040576900000001","0.00485808999999989","3.60000000000027e-05","0.00620943999999989","0.00826280999999992","0.00620943999999989","0.0040449599999999","8.2810000000002e-05","0.0040576900000001","0.0119028099999999","0.0040576900000001","0.000918090000000027","0.01620529","0.0211702500000001","0.00444889000000012","0.00207025000000005","0.010609","0.00443555999999991","0.00155236000000004","0.0177688900000001","0.0248377600000001","0.01397124","0.0077264099999999","0.00669123999999991","0.0040449599999999","0.000231040000000003","0.000918090000000027","9.60999999999926e-06","0.00620943999999989","0.0277888900000002","0.0437228100000005","0.0319694400000003","0.0287641600000003","0.00720800999999988","0.00999999999999993","0.01697809","0.0330512400000003","0.0476112400000006","0.0544288900000008","0.0502656400000007","0.0437228100000005","0.0918089999999994","0.11108889","0.14807104","0.214924960000001","0.290844489999999","0.290844489999999","0.226290490000001","0.190357690000001","NA","NA","NA"
"AR-342_PIPES_2015-10-14_R_T2",282,"10/14/2015","12:54:07 PM",37.9487,23.292,15.8226,NA,"AR-342_PIPES_2015-10-14_R_T2_final.csv",730,29.5945945945946,0.118974420000001,"0.000327610000000016","0.000331240000000008","0.00622520999999986","0.01700416","0.0132710399999999","0.00207936000000003","3.8439999999997e-05","8.10000000000061e-05","0.0015523599999999","0.00574563999999988","0.00132496000000003","0.00443556000000015","0.010609","0.00131769000000005","0.0125888399999999","0.0353439999999996","0.01468944","8.10000000000061e-05","0.00826281000000024","0.00719104000000022","0.000146410000000005","0.000231040000000003","0.000453690000000004","0.00014884","0.00207936000000003","0.00266255999999987","0.000146410000000005","0.00938960999999995","0.011881","0.00938960999999995","0.00667488999999994","0.00073984000000003","0.00207936000000003","0.00828099999999987","0.00207936000000003","0.00234256000000009","0.0211411600000001","0.0267649600000002","0.00719104000000022","0.000750760000000005","0.00720800999999988","0.00235224999999989","0.00330625000000011","0.0229219600000002","0.0308704900000003","0.0185776900000001","0.011236","0.00998000999999997","0.00667488999999994","0.00110889000000004","0.00014884","0.000449440000000014","0.00938960999999995","0.0341510400000004","0.0516198400000007","0.0387696100000005","0.0229522500000001","0.010609","0.01394761","0.0220225600000002","0.0399600100000005","0.0558376900000008","0.063201960000001","0.0587092900000009","0.0516198400000007","0.10310521","0.12348196","0.162328410000001","0.232034890000002","0.310694759999999","0.310694759999999","0.243838440000002","0.206479360000001","NA","NA"
"AR-342_PIPES_2015-10-14_R_T2",283,"10/14/2015","12:54:08 PM",37.8997,23.292,15.7892,30,"AR-342_PIPES_2015-10-14_R_T2_final.csv",740,30,0,"0.00111556000000002","0.00265225000000008","0.000231040000000003","0.00207024999999989","0.00940899999999991","0.00669123999999991","0.00014884","0.00073984000000003","0.00179776000000006","3.59999999999814e-05","0.00179775999999991","9.00000000000068e-06","0.0100000000000003","0.01860496","0.00485809000000014","0.00620943999999989","0.0239011599999995","0.00770883999999994","0.00179776000000006","0.0154504900000004","0.0139712400000004","0.00207025000000005","0.000331240000000008","0.000146410000000005","0.000449440000000014","0.00014884","0.000331239999999943","0.00207025000000005","0.01697809","0.0202777600000001","0.01697809","0.01324801","0.00367236000000011","0.00014884","0.00331775999999988","0.00014884","0.0066912400000002","0.0319694400000003","0.0388090000000004","0.0139712400000004","3.60000000000027e-05","0.0026522499999999","0.000228009999999956","0.00826281000000024","0.0341510400000004","0.0437228100000005","0.0287980900000002","0.0194323600000001","0.0177688900000001","0.01324801","0.00444889000000012","0.000449440000000014","0.00298116000000007","0.01697809","0.0476112400000006","0.067912360000001","0.0530380900000007","0.01394761","0.01860496","0.0229522500000001","0.0330512400000003","0.0544288900000008","0.0727380900000011","0.0811110400000014","0.0760104900000012","0.067912360000001","0.12567025","0.14807104","0.190357690000001","0.265328010000002","0.34904464","0.34904464","0.277939840000002","0.237948840000002","NA"
