"ID","Site","Subsite","Date","Transect_Type","Transect_Number","max_dep","min_dep","avg_dep","ver_rel_m","DRR"
"AR-330_BARGE_2015-08-20_R_T1","330","BARGE","2015-08-20","Radiating",1,19.768,17.003,19.245697761194,2.765,0.825801510811229
"AR-330_BARGE_2015-08-20_R_T2","330","BARGE","2015-08-20","Radiating",2,19.7152,19.451,19.5793560283688,0.264199999999999,0.0629915281931902
"AR-330_BARGE_2015-08-20_S","330","BARGE","2015-08-20","Structural",0,19.9796,17.4852,17.761385,2.4944,0.481498212476527
"AR-330_BARGE_2015-09-08_R_T1","330","BARGE","2015-09-08","Radiating",1,18.8995,18.4211,18.6517211111111,0.478400000000001,0.104128263723262
"AR-330_BARGE_2015-09-08_R_T2","330","BARGE","2015-09-08","Radiating",2,18.7511,18.4393,18.58601,0.311800000000002,0.0683240253436036
"AR-330_BARGE_2015-09-08_R_T3","330","BARGE","2015-09-08","Radiating",3,18.82072952,18.47560042,18.6563416406011,0.345129100000001,0.0589660418669526
"AR-330_BARGE_2015-09-08_S","330","BARGE","2015-09-08","Structural",0,18.83393044,18.30208323,18.5634535442908,0.531847209999999,0.0984115477528333
"AR-330_BARGE_2015-12-11_R_T1","330","BARGE","2015-12-11","Radiating",1,19.38966178,18.26411358,18.9056768940196,1.1255482,0.268677162966671
"AR-330_BARGE_2015-12-11_S","330","BARGE","2015-12-11","Structural",0,16.797451,16.42802949,16.6286032576378,0.369421509999999,0.0751489074750789
"AR-330_BARGE_2016-04-26_R_T1","330","BARGE","2016-04-26","Radiating",1,18.8193686,18.52935673,18.7123182996078,0.290011870000001,0.0504355956481154
"AR-330_BARGE_2016-04-26_R_T2","330","BARGE","2016-04-26","Radiating",2,18.9070118,18.67443071,18.7941267915238,0.23258109,0.0511970503159284
"AR-330_BARGE_2016-04-26_R_T3","330","BARGE","2016-04-26","Radiating",3,18.93409409,18.6653806,18.8569361561818,0.26871349,0.0449992116800884
"AR-330_BARGE_2016-04-26_S","330","BARGE","2016-04-26","Structural",0,16.723417,16.29071275,16.5850898423022,0.43270425,0.0744871453358554
"AR-330_H-UNITS_2015-09-08_S","330","H-UNITS","2015-09-08","Structural",0,19.24744572,18.45743215,18.9956281982222,0.790013570000003,0.169845487124638
"AR-330_H-UNITS_2016-01-15_R_T1","330","H-UNITS","2016-01-15","Radiating",1,19.262,18.921,19.0691916666667,0.341000000000001,0.0761904274022357
"AR-330_H-UNITS_2016-01-15_R_T2","330","H-UNITS","2016-01-15","Radiating",2,19.2891,18.9511,19.1065432835821,0.338000000000001,0.0650683809747167
"AR-330_H-UNITS_2016-01-15_R_T3","330","H-UNITS","2016-01-15","Radiating",3,19.3675,18.9662,19.1562435714286,0.401299999999999,0.0800969782800773
"AR-330_H-UNITS_2016-01-15_S","330","H-UNITS","2016-01-15","Structural",0,19.3852,18.3485,18.997544,1.0367,0.261841190785457
"AR-330_INDRA_2015-07-27_S","330","INDRA","2015-07-27","Structural",0,16.27329298,10.95978824,14.0931781410326,5.31350474,1.18309212577654
"AR-330_INDRA_2015-08-20_S","330","INDRA","2015-08-20","Structural",0,18.5884,15.0394,16.2320486338798,3.549,1.19511218181694
"AR-330_INDRA_2015-09-08_R_T1","330","INDRA","2015-09-08","Radiating",1,18.615,15.3374,17.3097934693878,3.2776,0.975566817017355
"AR-330_INDRA_2015-09-08_R_T2","330","INDRA","2015-09-08","Radiating",2,18.629,18.2591,18.4327920187793,0.369900000000001,0.0763138917727899
"AR-330_INDRA_2015-09-08_R_T3","330","INDRA","2015-09-08","Radiating",3,18.71069921,18.45001514,18.5834021382162,0.26068407,0.05318574191835
"AR-330_INDRA_2015-09-08_S","330","INDRA","2015-09-08","Structural",0,15.04880596,12.28511937,14.4316006287603,2.76368659,0.894061534965031
"AR-330_INDRA_2015-12-11_R_T1","330","INDRA","2015-12-11","Radiating",1,19.6738,18.8372,19.1623184466019,0.836600000000001,0.225160781224184
"AR-330_INDRA_2015-12-11_R_T2","330","INDRA","2015-12-11","Radiating",2,19.24132159,18.87931709,19.0624395647619,0.362004499999998,0.0819705982411943
"AR-330_INDRA_2015-12-11_R_T3","330","INDRA","2015-12-11","Radiating",3,19.33270731,18.92150558,19.1829257308696,0.411201729999998,0.0765915369237193
"AR-330_INDRA_2015-12-11_S","330","INDRA","2015-12-11","Structural",0,16.9557259,15.19612546,15.9617007684615,1.75960044,0.21877656203064
"AR-330_INDRA_2016-04-26_R_T1","330","INDRA","2016-04-26","Radiating",1,19.39007005,18.55358109,18.829701579902,0.836488959999997,0.248076052236394
"AR-330_INDRA_2016-04-26_R_T2","330","INDRA","2016-04-26","Radiating",2,18.9070118,18.5324188,18.6572064871579,0.374593000000001,0.0838729518015474
"AR-330_INDRA_2016-04-26_R_T3","330","INDRA","2016-04-26","Radiating",3,18.96736856,18.77105597,18.8672702064646,0.196312590000002,0.0434807892286045
"AR-330_INDRA_2016-04-26_S","330","INDRA","2016-04-26","Structural",0,17.11039436,12.03382565,15.0252668092442,5.07656871,0.889413532159449
"AR-330_PIPES_2015-07-17_S","330","PIPES","2015-07-17","Structural",0,19.03663935,17.88087875,18.4526358004712,1.1557606,0.198831321697584
"AR-330_PIPES_2015-09-08_R_T1","330","PIPES","2015-09-08","Radiating",1,19.0488,18.5558,18.7702705202312,0.492999999999999,0.117204406012237
"AR-330_PIPES_2015-09-08_R_T2","330","PIPES","2015-09-08","Radiating",2,18.8093,18.5381,18.6826127272727,0.2712,0.0453886511597557
"AR-330_PIPES_2015-09-08_R_T3","330","PIPES","2015-09-08","Radiating",3,18.848084,18.59093832,18.7072944040491,0.257145680000001,0.043495636652726
"AR-330_PIPES_2015-09-08_S","330","PIPES","2015-09-08","Structural",0,19.10162324,16.63189518,17.026846006215,2.46972806,0.552308389173492
"AR-330_PIPES_2016-01-15_R_T1","330","PIPES","2016-01-15","Radiating",1,18.95722971,18.69151025,18.8198500494521,0.26571946,0.0531665431515023
"AR-330_PIPES_2016-01-15_R_T2","330","PIPES","2016-01-15","Radiating",2,18.8093,18.5828,18.7098833333333,0.226500000000001,0.0492788128863822
"AR-330_PIPES_2016-01-15_R_T3","330","PIPES","2016-01-15","Radiating",3,18.9421,18.5769,18.7333335877863,0.365200000000002,0.0660579426432548
"AR-330_PIPES_2016-01-15_S","330","PIPES","2016-01-15","Structural",0,19.2272,17.0136,18.3439346320346,2.2136,0.510625936444009
"AR-342_PIPES_2015-10-14_R_T1","342","PIPES","2015-10-14","Radiating",1,16.6556,15.4527,16.089803164557,1.2029,0.307603670880502
"AR-342_PIPES_2015-10-14_R_T2","342","PIPES","2015-10-14","Radiating",2,16.38,15.6346,15.9073706666667,0.745399999999998,0.164379147074052
"AR-345_CONC_2015-10-15_R_T3","345","CONC","2015-10-15","Radiating",3,18.5285,17.8567,18.4105022727273,0.671800000000001,0.100267642959533
"AR-345_CONC_2015-10-15_S","345","CONC","2015-10-15","Structural",0,18.72151851,17.48233357,18.114716781066,1.23918494,0.256335737942253
"AR-345_RB1_2015-10-15_R_T1","345","RB1","2015-10-15","Radiating",1,19.4056,19.091,19.2551234482759,0.314599999999999,0.078110039913247
"AR-345_RB1_2015-10-15_R_T2","345","RB1","2015-10-15","Radiating",2,19.3844,19.0699,19.2199852112676,0.314499999999999,0.0691694813890405
"AR-345_RB1_2015-10-15_R_T3","345","RB1","2015-10-15","Radiating",3,19.2816,19.0458,19.1494970588235,0.235800000000001,0.0464611391048428
"AR-345_RB1_2015-10-15_S","345","RB1","2015-10-15","Structural",0,19.49989623,18.48220088,19.1139709018727,1.01769535,0.308637451097345
"AR-345_RB1_2016-04-21_R_T1","345","RB1","2016-04-21","Radiating",1,18.7861,18.4146,18.5688831460674,0.371500000000001,0.0810339774919855
"AR-345_RB1_2016-04-21_R_T2","345","RB1","2016-04-21","Radiating",2,18.8434,18.4539,18.6147589285714,0.389499999999998,0.0752756215440412
"AR-345_RB1_2016-04-21_R_T3","345","RB1","2016-04-21","Radiating",3,18.9431,18.469,18.6899171171171,0.4741,0.106152947009898
"AR-345_RB1_2016-04-21_S","345","RB1","2016-04-21","Structural",0,18.9114,17.8533,18.4587957345972,1.0581,0.320271916956894
"AR-345_RB2_2015-10-15_R_T1","345","RB2","2015-10-15","Radiating",1,18.4649,18.2078,18.3047194029851,0.257100000000001,0.0480588227879254
"AR-345_RB2_2015-10-15_R_T2","345","RB2","2015-10-15","Radiating",2,18.4257,18.1896,18.3153651006711,0.2361,0.0457041262052535
"AR-345_RB2_2015-10-15_R_T3","345","RB2","2015-10-15","Radiating",3,18.6283,18.2047,18.3727305194805,0.4236,0.088419282881899
"AR-345_RB2_2015-10-15_S","345","RB2","2015-10-15","Structural",0,18.69695392,17.49648713,18.1219818469565,1.20046679,0.32634241723369
"AR-345_RB2_2016-04-21_R_T1","345","RB2","2016-04-21","Radiating",1,17.8888,17.5232,17.708468627451,0.365600000000001,0.078492858955502
"AR-345_RB2_2016-04-21_R_T2","345","RB2","2016-04-21","Radiating",2,17.8526,17.5866,17.7087628571429,0.265999999999998,0.057634223368557
"AR-345_RB2_2016-04-21_R_T3","345","RB2","2016-04-21","Radiating",3,17.8194,17.5897,17.6960598290598,0.229700000000001,0.0503315457051935
"AR-345_RB2_2016-04-21_S","345","RB2","2016-04-21","Structural",0,17.7936,16.6824,17.3562983240223,1.1112,0.316669001770885
"AR-345_TITAN_2015-08-10_R_T1","345","TITAN","2015-08-10","Radiating",1,18.2996,17.2993,18.1304964497041,1.0003,0.107272217086946
"AR-345_TITAN_2015-08-10_R_T2","345","TITAN","2015-08-10","Radiating",2,18.3137,17.9651,18.159934741784,0.348600000000001,0.0798707435429741
"AR-345_TITAN_2015-08-10_R_T3","345","TITAN","2015-08-10","Radiating",3,18.27853933,17.94041896,18.0809862859184,0.338120370000002,0.0620810310265348
"AR-345_TITAN_2015-08-10_S","345","TITAN","2015-08-10","Structural",0,17.2535,11.8975,15.3798817391304,5.356,1.52751069394023
"AR-345_TITAN_2015-10-15_R_T1","345","TITAN","2015-10-15","Radiating",1,19.3814,19.1788,19.2845798076923,0.2026,0.0462245141112052
"AR-345_TITAN_2015-10-15_R_T2","345","TITAN","2015-10-15","Radiating",2,19.55065851,19.09407013,19.3222912387963,0.456588380000003,0.0839520952633486
"AR-345_TITAN_2015-10-15_R_T3","345","TITAN","2015-10-15","Radiating",3,19.3118,19.1122,19.2159035087719,0.1996,0.0428305963953296
"AR-345_TITAN_2015-10-15_S","345","TITAN","2015-10-15","Structural",0,18.38714067,15.91850136,17.538480685516,2.46863931,0.565536243975964
"AR-345_TITAN_2016-01-27_R","345","TITAN","2016-01-27","Radiating",0,19.38571511,18.67068818,19.0395261884979,0.715026930000001,0.12433948218979
"AR-345_TITAN_2016-01-27_S","345","TITAN","2016-01-27","Structural",0,19.50445531,15.21055121,16.3317907772269,4.2939041,1.06682477895881
"AR-345_TITAN_2016-04-21_R_T1","345","TITAN","2016-04-21","Radiating",1,19.0941,18.7136,18.8591983333333,0.380500000000001,0.0874467616990626
"AR-345_TITAN_2016-04-21_R_T2","345","TITAN","2016-04-21","Radiating",2,19.0669,18.7377,18.8941941747573,0.3292,0.0731430291335539
"AR-345_TITAN_2016-04-21_R_T3","345","TITAN","2016-04-21","Radiating",3,19.1243,18.5143,18.8422837606838,0.610000000000003,0.100001396505133
"AR-345_TITAN_2016-04-21_S","345","TITAN","2016-04-21","Structural",0,18.919,16.9432,17.986417961165,1.9758,0.474218311069777
"AR-364_BARGE_2015-10-15_S","364","BARGE","2015-10-15","Structural",0,14.60732379,11.8637788,12.6992688852153,2.74354499,0.593379115649778
"AR-364_BARGE_2015-12-10_R_T1","364","BARGE","2015-12-10","Radiating",1,14.62202171,13.07690214,13.6813633743396,1.54511957,0.440987843813024
"AR-364_BARGE_2015-12-10_R_T2","364","BARGE","2015-12-10","Radiating",2,13.2527329,12.74953303,12.989375887006,0.50319987,0.113919158427891
"AR-364_BARGE_2015-12-10_R_T3","364","BARGE","2015-12-10","Radiating",3,13.25878899,12.71312845,12.9708414115263,0.54566054,0.112065615367806
"AR-364_BARGE_2015-12-10_S","364","BARGE","2015-12-10","Structural",0,15.39944679,14.13943978,14.8101176131818,1.26000701,0.249114293890465
"AR-364_BARGE_2016-03-09_R_T1","364","BARGE","2016-03-09","Radiating",1,14.5466,13.0606,13.6621981308411,1.486,0.395866511230054
"AR-364_BARGE_2016-03-09_R_T2","364","BARGE","2016-03-09","Radiating",2,13.1757,12.9062,13.0247240740741,0.269500000000001,0.0654806197630659
"AR-364_BARGE_2016-03-09_R_T3","364","BARGE","2016-03-09","Radiating",3,13.1182,12.8849,13.0130159292035,0.2333,0.0437908514711279
"AR-364_BARGE_2016-03-09_S","364","BARGE","2016-03-09","Structural",0,15.7075,14.6454,15.333622875817,1.0621,0.248176371785728
"AR-364_DOMES_2015-09-21_S","364","DOMES","2015-09-21","Structural",0,13.85085687,12.60241767,13.2956093066096,1.2484392,0.17829263001622
"AR-364_DOMES_2015-12-10_R_T1","364","DOMES","2015-12-10","Radiating",1,12.7094,12.0484,12.3582570652174,0.661,0.116865421428951
"AR-364_DOMES_2015-12-10_R_T2","364","DOMES","2015-12-10","Radiating",2,12.6002402,12.06356173,12.3402726416757,0.53667847,0.105606838146117
"AR-364_DOMES_2015-12-10_R_T3","364","DOMES","2015-12-10","Radiating",3,12.8034,12.112,12.5255404145078,0.6914,0.114950532040935
"AR-364_DOMES_2015-12-10_S","364","DOMES","2015-12-10","Structural",0,13.00150722,11.96230934,12.4725519615686,1.03919788,0.165831138448415
"AR-364_PIPES_2015-12-10_R_T1","364","PIPES","2015-12-10","Radiating",1,13.5103,12.8981,13.2687598360656,0.612200000000001,0.120394910561988
"AR-364_PIPES_2015-12-10_R_T2","364","PIPES","2015-12-10","Radiating",2,13.9618,13.1254,13.4636916167665,0.836399999999999,0.145413516885995
"AR-364_PIPES_2015-12-10_R_T3","364","PIPES","2015-12-10","Radiating",3,13.61330843,13.22544647,13.4212224980328,0.38786196,0.0832825851276884
"AR-364_PIPES_2015-12-10_S","364","PIPES","2015-12-10","Structural",0,13.66713278,12.79723325,13.246539461227,0.86989953,0.179253958885389
"AR-364_PODS_2015-09-21_S","364","PODS","2015-09-21","Structural",0,13.9084918,12.7148296,13.4214121877003,1.1936622,0.319720185561996
"AR-364_PODS_2015-12-10_S","364","PODS","2015-12-10","Structural",0,13.54090753,12.34676901,13.0513064871341,1.19413852,0.266423214469071
"AR-364_TUGBOAT_2015-09-21_S","364","TUGBOAT","2015-09-21","Structural",0,16.36345388,14.95326944,15.8349411205325,1.41018444,0.321099440440929
"AR-364_TUGBOAT_2015-12-10_R_T1","364","TUGBOAT","2015-12-10","Radiating",1,13.6406629,13.1861159,13.4031899436134,0.454547,0.109126093924943
"AR-364_TUGBOAT_2015-12-10_R_T2","364","TUGBOAT","2015-12-10","Radiating",2,13.52852316,13.16488556,13.3500134149074,0.363637600000001,0.0732082677333498
"AR-364_TUGBOAT_2015-12-10_R_T3","364","TUGBOAT","2015-12-10","Radiating",3,13.59207809,12.94958815,13.3273809856557,0.642489939999999,0.102398675860021
"AR-364_TUGBOAT_2015-12-10_S","364","TUGBOAT","2015-12-10","Structural",0,13.88943893,11.05709396,12.0804390249801,2.83234497,0.591726301605787
"AR-364_TUGBOAT_2016-03-09_R_T1","364","TUGBOAT","2016-03-09","Radiating",1,12.8678,12.4805,12.6615712871287,0.387300000000002,0.0854893342313925
"AR-364_TUGBOAT_2016-03-09_R_T2","364","TUGBOAT","2016-03-09","Radiating",2,12.8044,12.2939,12.6094406779661,0.510499999999999,0.101326094745922
"AR-364_TUGBOAT_2016-03-09_R_T3","364","TUGBOAT","2016-03-09","Radiating",3,12.7164,12.4805,12.6214745098039,0.235900000000001,0.0490355694021086
"AR-364_TUGBOAT_2016-03-09_S","364","TUGBOAT","2016-03-09","Structural",0,13.4878,10.9773,12.5270680722892,2.5105,0.765565520346979
"AR-370_BARGE_2015-09-09_R_T1","370","BARGE","2015-09-09","Radiating",1,14.8864,14.6011,14.7710954887218,0.285299999999999,0.0599622518436461
"AR-370_BARGE_2015-09-09_R_T2","370","BARGE","2015-09-09","Radiating",2,15.1079,14.5768,14.8335567251462,0.5311,0.110474795628742
"AR-370_BARGE_2015-09-09_R_T3","370","BARGE","2015-09-09","Radiating",3,14.8833,14.6132,14.7375229813665,0.270099999999999,0.0593207312501785
"AR-370_LIBERTYSHIP_2015-09-03_R_T3","370","LIBERTYSHIP","2015-09-03","Radiating",3,15.1595,14.9623,15.0620752136752,0.197199999999999,0.0438800773778571
"AR-370_LIBERTYSHIP_2015-09-03_S","370","LIBERTYSHIP","2015-09-03","Structural",0,15.4367,12.2115,14.5343378486056,3.2252,0.590599544769341
"AR-370_LIBERTYSHIP_2015-12-09_R_T1","370","LIBERTYSHIP","2015-12-09","Radiating",1,15.2417,14.6,15.0182905982906,0.6417,0.118502696741398
"AR-370_LIBERTYSHIP_2015-12-09_R_T2","370","LIBERTYSHIP","2015-12-09","Radiating",2,15.1328,14.7635,14.9382893939394,0.369299999999999,0.0839388029146496
"AR-370_LIBERTYSHIP_2015-12-09_R_T3","370","LIBERTYSHIP","2015-12-09","Radiating",3,15.09643813,14.6938102,14.894798596748,0.40262793,0.0787405447224551
"AR-370_LIBERTYSHIP_2015-12-09_S","370","LIBERTYSHIP","2015-12-09","Structural",0,14.92258071,6.849948455,9.10643505758242,8.072632255,2.75596148831313
"AR-370_LIBERTYSHIP_2016-03-10_R_T1","370","LIBERTYSHIP","2016-03-10","Radiating",1,14.4517,14.0006,14.2036020618557,0.4511,0.0919504871060388
"AR-370_LIBERTYSHIP_2016-03-10_R_T2","370","LIBERTYSHIP","2016-03-10","Radiating",2,14.3911,14.0006,14.1922691588785,0.390499999999999,0.0843652217659946
"AR-370_LIBERTYSHIP_2016-03-10_R_T3","370","LIBERTYSHIP","2016-03-10","Radiating",3,14.2519,13.8462,14.0004824,0.4057,0.0903894763215133
"AR-370_LIBERTYSHIP_2016-03-10_S","370","LIBERTYSHIP","2016-03-10","Structural",0,14.02893314,6.01448018,8.32719020537566,8.01445296,2.38825310647472
"AR-370_NR1_2015-09-09_R_T1","370","NR1","2015-09-09","Radiating",1,14.5464,14.1852,14.3907056603774,0.3612,0.0804834083229209
"AR-370_NR1_2015-09-09_R_T2","370","NR1","2015-09-09","Radiating",2,14.595,14.3005,14.4416769911504,0.294500000000001,0.0680058453486189
"AR-370_NR1_2015-09-09_R_T3","370","NR1","2015-09-09","Radiating",3,14.5221,14.2489,14.3981097560976,0.273199999999999,0.0640104953159695
"AR-370_NR1_2015-12-08_R_T1","370","NR1","2015-12-08","Radiating",1,15.7072,15.0626,15.4099706349206,0.644600000000001,0.143625373840397
"AR-370_NR1_2015-12-08_R_T2","370","NR1","2015-12-08","Radiating",2,15.6709,15.3289,15.5020339130435,0.341999999999999,0.0776172411292664
"AR-370_NR1_2015-12-08_R_T3","370","NR1","2015-12-08","Radiating",3,15.5407,15.1829,15.3936705882353,0.357799999999999,0.0836744492043482
"AR-370_NR1_2015-12-08_S","370","NR1","2015-12-08","Structural",0,15.1965,14.489,14.7295822510823,0.7075,0.121950352642759
"AR-370_NR1_2016-03-10_R_T1","370","NR1","2016-03-10","Radiating",1,15.47436539,15.22021373,15.3626810323077,0.254151660000002,0.0839301764616788
"AR-370_NR1_2016-03-10_R_T2","370","NR1","2016-03-10","Radiating",2,15.4744,14.5818,15.2562086531163,0.8926,0.157551597388628
"AR-370_NR1_2016-03-10_S","370","NR1","2016-03-10","Structural",0,15.00056138,14.51151508,14.8328518895628,0.4890463,0.0845279591071249
"AR-370_NR2_2015-09-02_R_T2","370","NR2","2015-09-02","Radiating",2,15.6601,15.1201,15.4323494845361,0.539999999999999,0.0809272309521182
"AR-370_NR2_2015-09-02_R_T3","370","NR2","2015-09-02","Radiating",3,15.5388,15.2232,15.3962075144509,0.3156,0.0694048294442214
"AR-370_NR2_2015-09-02_S","370","NR2","2015-09-02","Structural",0,15.9339,15.3521,15.5966029891304,0.581799999999999,0.0827633675285433
"AR-370_NR2_2015-09-09_R_T1","370","NR2","2015-09-09","Radiating",1,15.5024,14.8773,15.2590649681529,0.6251,0.151710253471849
"AR-370_NR2_2015-09-09_R_T2","370","NR2","2015-09-09","Radiating",2,15.5296,14.8166,15.2152167701863,0.713000000000001,0.165037058049103
"AR-370_NR2_2015-09-09_R_T3","370","NR2","2015-09-09","Radiating",3,14.9956,14.343,14.6645094674556,0.6526,0.190217837918043
"AR-370_NR2_2015-12-08_S","370","NR2","2015-12-08","Structural",0,15.1965,14.489,14.7295822510823,0.7075,0.121950352642759
"AR-370_NR2_2016-03-11_R_T1","370","NR2","2016-03-11","Radiating",1,15.2988,14.4272,14.7153930434783,0.871600000000001,0.123481569561444
"AR-370_NR2_2016-03-11_R_T2","370","NR2","2016-03-11","Radiating",2,14.9024,14.512,14.7277495652174,0.3904,0.071408285398079
"AR-370_NR2_2016-03-11_R_T3","370","NR2","2016-03-11","Radiating",3,14.8358,14.506,14.6505875,0.329800000000001,0.0666380056125393
"AR-370_NR2_2016-03-11_S","370","NR2","2016-03-11","Structural",0,15.38277553,14.62998309,14.9112893354167,0.75279244,0.22784136056842
"AR-370_PIPES_2015-09-03_R_T1","370","PIPES","2015-09-03","Radiating",1,16.0446,15.7382,15.8818645614035,0.306399999999998,0.0549582111433594
"AR-370_PIPES_2015-09-03_R_T2","370","PIPES","2015-09-03","Radiating",2,15.9839,15.6473,15.7858768976898,0.336600000000001,0.0633350189869624
"AR-370_PIPES_2015-09-03_S","370","PIPES","2015-09-03","Structural",0,15.9968,15.1505,15.6545651982379,0.846300000000001,0.195682753626026
"AR-370_PIPES_2015-12-08_R_T1","370","PIPES","2015-12-08","Radiating",1,15.5574,14.9763,15.2796406504065,0.581099999999999,0.133292226623543
"AR-370_PIPES_2015-12-08_R_T2","370","PIPES","2015-12-08","Radiating",2,15.5635,14.9702,15.3283115942029,0.593299999999999,0.123452835092316
"AR-370_PIPES_2015-12-08_R_T3","370","PIPES","2015-12-08","Radiating",3,15.4235,14.9029,15.1922426470588,0.5206,0.11172956280588
"AR-370_PIPES_2015-12-08_S","370","PIPES","2015-12-08","Structural",0,15.2798,14.4598,14.9149032432432,0.82,0.183725745486694
"AR-370_PIPES_2016-03-11_R_T1","370","PIPES","2016-03-11","Radiating",1,14.4635,14.1064,14.2949724137931,0.357099999999999,0.0581362351815067
"AR-370_PIPES_2016-03-11_R_T2","370","PIPES","2016-03-11","Radiating",2,14.4908,14.0912,14.3346945945946,0.3996,0.0736722333753767
"AR-370_PIPES_2016-03-11_R_T3","370","PIPES","2016-03-11","Radiating",3,14.4333,14.0882,14.2364756756757,0.345099999999999,0.0625242646952018
"AR-370_PIPES_2016-03-11_S","370","PIPES","2016-03-11","Structural",0,14.4821,13.7923,14.1338344827586,0.689800000000002,0.171199158056775
"AR-370_PODS_2015-09-15_R_T3","370","PODS","2015-09-15","Radiating",3,15.1857,14.8034,14.9988177664975,0.382300000000001,0.084138154968579
"AR-370_PODS_2015-09-15_R_T2","370","PODS","2015-09-15","Radiating",2,15.4588,14.9186,15.2263966346154,0.5402,0.0945313307887748
"AR-370_PODS_2015-09-15_R_T1","370","PODS","2015-09-15","Radiating",1,15.6437,15.213,15.445630075188,0.430700000000002,0.0812328291150325
"AR-370_PODS_2015-09-15_S","370","PODS","2015-09-15","Structural",0,15.51641779,14.28124755,15.0345785874912,1.23517024,0.316173841157533
"AR-370_PODS_2015-12-08_R_T1","370","PODS","2015-12-08","Radiating",1,14.5568,14.1911,14.3701830645161,0.3657,0.0832068963309921
"AR-370_PODS_2015-12-08_R_T2","370","PODS","2015-12-08","Radiating",2,14.5417,14.1933,14.368228030303,0.3484,0.0782163473614305
"AR-370_PODS_2015-12-08_R_T3","370","PODS","2015-12-08","Radiating",3,14.6204,14.2297,14.4320076335878,0.390700000000001,0.0870398835356268
"AR-370_PODS_2015-12-08_S","370","PODS","2015-12-08","Structural",0,14.48259555,13.35582252,14.1737519519118,1.12677303,0.291898683490704
"AR-372_NR1_2015-09-02_R_T1","372","NR1","2015-09-02","Radiating",1,16.5032,16.1151,16.3071565625,0.388099999999998,0.0801712697665662
"AR-372_NR1_2015-09-02_R_T2","372","NR1","2015-09-02","Radiating",2,16.4213,16.021,16.2460626086957,0.400299999999998,0.0700999673981486
"AR-372_NR1_2015-09-02_R_T3","372","NR1","2015-09-02","Radiating",3,16.6032,16.1394,16.3450556195965,0.463800000000003,0.0847681560435431
"AR-372_NR1_2015-09-02_S","372","NR1","2015-09-02","Structural",0,16.4839,16.0538,16.2827937172775,0.430099999999999,0.084500646290295
"AR-372_NR1_2015-12-03_R_T1","372","NR1","2015-12-03","Radiating",1,18.6667,17.9635,18.4447439759036,0.703199999999999,0.152692991424482
"AR-372_NR1_2015-12-03_R_T2","372","NR1","2015-12-03","Radiating",2,18.8039,18.4523,18.6390306930693,0.351599999999998,0.0540121706251162
"AR-372_NR1_2015-12-03_R_T3","372","NR1","2015-12-03","Radiating",3,18.709,18.2941,18.4740587982833,0.414899999999999,0.0842735750414909
"AR-372_NR1_2015-12-03_S","372","NR1","2015-12-03","Structural",0,18.4699,16.099,17.4454775280899,2.3709,0.895713056574565
"AR-372_NR1_2016-03-17_S","372","NR1","2016-03-17","Structural",0,17.92708195,15.12528962,16.6168395588235,2.80179233,0.735433850452614
"AR-372_NR2_2015-09-02_R_T1","372","NR2","2015-09-02","Radiating",1,15.7268,15.3962,15.575422826087,0.3306,0.0622581819904538
"AR-372_NR2_2015-12-09_R_T1","372","NR2","2015-12-09","Radiating",1,17.7181,17.2919,17.54172,0.426200000000001,0.102698015654417
"AR-372_NR2_2015-12-09_R_T2","372","NR2","2015-12-09","Radiating",2,17.77248153,17.33419752,17.5389351186441,0.43828401,0.101744165266949
"AR-372_NR2_2015-12-09_R_T3","372","NR2","2015-12-09","Radiating",3,17.57303883,16.78390985,17.2382471486364,0.789128980000001,0.168233667810223
"AR-372_NR2_2015-12-09_S","372","NR2","2015-12-09","Structural",0,17.61794916,15.28839578,15.971803084812,2.32955338,0.567442056698128
"AR-372_PODS_2015-09-02_R_T1","372","PODS","2015-09-02","Radiating",1,16.8427,16.3789,16.5778161490683,0.463799999999999,0.0880947422527455
"AR-372_PODS_2015-09-02_R_T2","372","PODS","2015-09-02","Radiating",2,16.6275,15.8633,16.3995625,0.764200000000001,0.0905184228362074
"AR-372_PODS_2015-09-02_R_T3","372","PODS","2015-09-02","Radiating",3,16.679,16.297,16.4648261904762,0.381999999999998,0.0816858046859859
"AR-372_PODS_2015-09-02_S","372","PODS","2015-09-02","Structural",0,16.7235,15.3026,16.1111700704225,1.4209,0.368821201836848
"AR-372_PODS_2015-12-09_R_T1","372","PODS","2015-12-09","Radiating",1,16.22055736,15.5153971,15.8600627366142,0.705160260000001,0.154619072465214
"AR-372_PODS_2015-12-09_R_T2","372","PODS","2015-12-09","Radiating",2,15.8575,15.5063,15.704406557377,0.3512,0.0803592128952326
"AR-372_PODS_2015-12-09_R_T3","372","PODS","2015-12-09","Radiating",3,15.9422,15.4549,15.740434375,0.487299999999999,0.0937397531932965
"AR-372_PODS_2015-12-09_S","372","PODS","2015-12-09","Structural",0,16.04152845,14.6020162,15.4869445962996,1.43951225,0.421252096216159
"AR-372_RB1_2015-09-02_R_T1","372","RB1","2015-09-02","Radiating",1,15.9392,15.3871,15.752386984127,0.552099999999999,0.0615190876244879
"AR-372_RB1_2015-09-02_R_T2","372","RB1","2015-09-02","Radiating",2,15.8603,15.5267,15.7034598837209,0.333600000000001,0.0709686126654588
"AR-372_RB1_2015-09-02_R_T3","372","RB1","2015-09-02","Radiating",3,15.8876,15.4113,15.6564308641975,0.4763,0.0703163328150094
"AR-372_RB1_2015-09-02_S","372","RB1","2015-09-02","Structural",0,15.9621,14.8689,15.4591471849866,1.0932,0.317825554579767
"AR-372_RB1_2015-12-09_R_T1","372","RB1","2015-12-09","Radiating",1,15.20367856,14.67373664,15.01203569,0.529941920000001,0.0824711545371297
"AR-372_RB1_2015-12-09_R_T2","372","RB1","2015-12-09","Radiating",2,15.18551029,14.1921754,14.8814167079888,0.99333489,0.23683035440921
"AR-372_RB1_2015-12-09_R_T3","372","RB1","2015-12-09","Radiating",3,15.46096033,15.00083356,15.28199891816,0.46012677,0.103493720709507
"AR-372_RB1_2015-12-09_S","372","RB1","2015-12-09","Structural",0,15.13420364,13.95476305,14.642349169163,1.17944059,0.315382314420776
"AR-372_TRAINCARS_2015-09-03_R_T1","372","TRAINCARS","2015-09-03","Radiating",1,16.9215,16.0605,16.4442688311688,0.861000000000001,0.24672245113456
"AR-372_TRAINCARS_2015-09-02_R_T2","372","TRAINCARS","2015-09-02","Radiating",2,16.2788,15.9755,16.1357448529412,0.3033,0.0546503610786781
"AR-372_TRAINCARS_2015-09-03_R_T3","372","TRAINCARS","2015-09-03","Radiating",3,16.1787,15.9635,16.0866671814672,0.215199999999999,0.046385051347785
"AR-372_TRAINCARS_2015-09-03_S","372","TRAINCARS","2015-09-03","Structural",0,17.2275,14.8054,16.6298183183183,2.4221,0.561856695054786
"AR-372_TRAINCARS_2016-03-11_R_T1","372","TRAINCARS","2016-03-11","Radiating",1,16.8437903,15.7678476,16.0720318938554,1.0759427,0.243908186563744
"AR-372_TRAINCARS_2016-03-11_R_T2","372","TRAINCARS","2016-03-11","Radiating",2,16.03159374,15.66584671,15.8788707344578,0.365747030000001,0.0824117464179255
"AR-372_TRAINCARS_2016-03-11_R_T3","372","TRAINCARS","2016-03-11","Radiating",3,16.31650217,15.74321497,16.0630936802941,0.573287199999999,0.159631820625703
"AR-372_TRAINCARS_2016-03-11_S","372","TRAINCARS","2016-03-11","Structural",0,16.96688543,15.19803075,16.4292819906,1.76885468,0.350878553619351
"AR-378_NR1_2015-09-14_S","378","NR1","2015-09-14","Structural",0,12.07322426,11.71135585,11.8537882539316,0.36186841,0.068826930944365
"AR-378_NR1_2016-05-10_R_T1","378","NR1","2016-05-10","Radiating",1,13.2399,12.6147,12.971372972973,0.625200000000001,0.160226319642276
"AR-378_NR1_2016-05-10_R_T2","378","NR1","2016-05-10","Radiating",2,13.5676,13.0032,13.3008459770115,0.564400000000001,0.141861708622032
"AR-378_NR1_2016-05-10_R_T3","378","NR1","2016-05-10","Radiating",3,13.9012,13.3249,13.5728315789474,0.5763,0.126794860509942
"AR-378_NR1_2016-05-10_S","378","NR1","2016-05-10","Structural",0,13.5206,12.6673,13.0681086614173,0.853300000000001,0.238578323974363
"AR-378_PIPES_2015-09-14_R_T1","378","PIPES","2015-09-14","Radiating",1,11.5648,11.2331,11.3873525974026,0.3317,0.058658344104472
"AR-378_PIPES_2015-09-14_R_T2","378","PIPES","2015-09-14","Radiating",2,11.7046,11.3123,11.470867721519,0.392299999999999,0.0834424049193484
"AR-378_PIPES_2015-09-14_S","378","PIPES","2015-09-14","Structural",0,11.85057788,10.09812227,11.1590664448544,1.75245561,0.37468636862621
"AR-378_PIPES_2016-01-21_R_T1","378","PIPES","2016-01-21","Radiating",1,11.6546,10.663,11.3314908536585,0.9916,0.267929479965997
"AR-378_PIPES_2016-01-21_R_T2","378","PIPES","2016-01-21","Radiating",2,11.7303,11.315,11.584980141844,0.4153,0.0864557716984803
"AR-378_PIPES_2016-01-21_R_T3","378","PIPES","2016-01-21","Radiating",3,11.92971533,11.59635818,11.7348869032168,0.333357150000001,0.0611462160441266
"AR-378_PIPES_2016-01-21_S","378","PIPES","2016-01-21","Structural",0,11.6032,9.6692,10.8878173469388,1.934,0.410211486549975
"AR-378_PODS_2015-09-14_R_T1","378","PODS","2015-09-14","Radiating",1,13.5592,13.2555,13.4007075144509,0.303700000000001,0.0579211743942119
"AR-378_PODS_2015-09-14_R_T2","378","PODS","2015-09-14","Radiating",2,13.5622,13.2706,13.4314602272727,0.291600000000001,0.053087797984143
"AR-378_PODS_2015-09-14_R_T3","378","PODS","2015-09-14","Radiating",3,13.5647,13.3551,13.4634994011976,0.2096,0.0497223295902377
"AR-378_PODS_2015-09-14_S","378","PODS","2015-09-14","Structural",0,13.81438424,12.62038181,13.35937234412,1.19400243,0.352387620388161
"AR-378_PODS_2016-03-17_R_T1","378","PODS","2016-03-17","Radiating",1,13.0274,12.6305,12.8386968421053,0.3969,0.0952640099180499
"AR-378_PODS_2016-03-17_R_T2","378","PODS","2016-03-17","Radiating",2,13.0668,12.4578,12.859531,0.609,0.106475656339509
"AR-378_PODS_2016-03-17_R_T3","378","PODS","2016-03-17","Radiating",3,13.0365,12.7001,12.8553092592593,0.336399999999999,0.063950530730828
"AR-378_PODS_2016-03-17_S","378","PODS","2016-03-17","Structural",0,12.79566819,11.61234898,12.349379156069,1.18331921,0.311607693237489
"AR-378_RB1_2016-05-10_R_T1","378","RB1","2016-05-10","Radiating",1,13.3418,12.7227,13.0277518072289,0.6191,0.138316564587822
"AR-378_RB1_2016-05-10_R_T2","378","RB1","2016-05-10","Radiating",2,13.0838,12.6256,12.79905,0.4582,0.0993708285477437
"AR-378_RB1_2016-05-10_R_T3","378","RB1","2016-05-10","Radiating",3,12.9473,12.2431,12.6001472527473,0.7042,0.170835146878608
